Nature,Nature_Chi,Plan,Plan_Chi,Name,Name_Chi,District,District_Chi
PRIMARY,小學,DIRECT SUBSIDY SCHEME,直接資助計劃,HONG KONG BAPTIST UNIVERSITY AFFILIATED SCHOOL WONG KAM FAI SECONDARY AND PRIMARY SCHOOL,香港浸會大學附屬學校王錦輝中小學,SHA TIN,沙田區
PRIMARY,小學,DIRECT SUBSIDY SCHEME,直接資助計劃,ST. PAUL'S CO-EDUCATIONAL COLLEGE PRIMARY SCHOOL,聖保羅男女中學附屬小學,SOUTHERN,南區
PRIMARY,小學,DIRECT SUBSIDY SCHEME,直接資助計劃,PO LEUNG KUK LAM MAN CHAN ENGLISH PRIMARY SCHOOL,保良局林文燦英文小學,KOWLOON CITY,九龍城區
PRIMARY,小學,DIRECT SUBSIDY SCHEME,直接資助計劃,ST. PAUL'S COLLEGE PRIMARY SCHOOL,聖保羅書院小學,SOUTHERN,南區
PRIMARY,小學,DIRECT SUBSIDY SCHEME,直接資助計劃,PUI KIU COLLEGE,培僑書院,SHA TIN,沙田區
PRIMARY,小學,DIRECT SUBSIDY SCHEME,直接資助計劃,DIOCESAN BOYS' SCHOOL,拔萃男書院,KOWLOON CITY,九龍城區
PRIMARY,小學,DIRECT SUBSIDY SCHEME,直接資助計劃,FUKIEN SECONDARY SCHOOL AFFILIATED SCHOOL,福建中學附屬學校,KWUN TONG,觀塘區
PRIMARY,小學,DIRECT SUBSIDY SCHEME,直接資助計劃,EVANGEL COLLEGE,播道書院,SAI KUNG,西貢區
PRIMARY,小學,DIRECT SUBSIDY SCHEME,直接資助計劃,ELCHK LUTHERAN ACADEMY,基督教香港信義會宏信書院,YUEN LONG,元朗區
PRIMARY,小學,DIRECT SUBSIDY SCHEME,直接資助計劃,LINGNAN UNIVERSITY ALUMNI ASSOCIATION (HONG KONG) PRIMARY SCHOOL,嶺南大學香港同學會小學,SHAM SHUI PO,深水埗區
PRIMARY,小學,DIRECT SUBSIDY SCHEME,直接資助計劃,YING WA PRIMARY SCHOOL,英華小學,SHAM SHUI PO,深水埗區
PRIMARY,小學,DIRECT SUBSIDY SCHEME,直接資助計劃,PO LEUNG KUK LUK HING TOO PRIMARY SCHOOL,保良局陸慶濤小學,SAI KUNG,西貢區
PRIMARY,小學,DIRECT SUBSIDY SCHEME,直接資助計劃,HON WAH COLLEGE,漢華中學,EASTERN,東區
PRIMARY,小學,DIRECT SUBSIDY SCHEME,直接資助計劃,PO LEUNG KUK CAMÕES TAN SIU LIN PRIMARY SCHOOL,保良局陳守仁小學,YAU TSIM MONG,油尖旺區
PRIMARY,小學,DIRECT SUBSIDY SCHEME,直接資助計劃,W F JOSEPH LEE PRIMARY SCHOOL,和富慈善基金李宗德小學,YUEN LONG,元朗區
PRIMARY,小學,DIRECT SUBSIDY SCHEME,直接資助計劃,PO LEUNG KUK LAM MAN CHAN ENGLISH PRIMARY SCHOOL,保良局林文燦英文小學,KOWLOON CITY,九龍城區
PRIMARY,小學,DIRECT SUBSIDY SCHEME,直接資助計劃,PO LEUNG KUK HONG KONG TAOIST ASSOCIATION YUEN YUEN PRIMARY SCHOOL,保良局香港道教聯合會圓玄小學,TUEN MUN,屯門區
PRIMARY,小學,DIRECT SUBSIDY SCHEME,直接資助計劃,ST. MARGARET'S CO-EDUCATIONAL ENGLISH SECONDARY AND PRIMARY SCHOOL,聖瑪加利男女英文中小學,SHAM SHUI PO,深水埗區
PRIMARY,小學,DIRECT SUBSIDY SCHEME,直接資助計劃,HKUGA PRIMARY SCHOOL,港大同學會小學,EASTERN,東區
PRIMARY,小學,DIRECT SUBSIDY SCHEME,直接資助計劃,THE HONG KONG CHINESE CHRISTIAN CHURCHES UNION LOGOS ACADEMY,香港華人基督教聯會真道書院,SAI KUNG,西貢區
PRIMARY,小學,DIRECT SUBSIDY SCHEME,直接資助計劃,DELIA (MAN KIU) ENGLISH PRIMARY SCHOOL,地利亞(閩僑)英文小學,KWAI TSING,葵青區
PRIMARY,小學,DIRECT SUBSIDY SCHEME,直接資助計劃,G.T. (ELLEN YEUNG) COLLEGE,優才(楊殷有娣)書院,YAU TSIM MONG,油尖旺區
PRIMARY,小學,DIRECT SUBSIDY SCHEME,直接資助計劃,G.T. (ELLEN YEUNG) COLLEGE,優才(楊殷有娣)書院,SAI KUNG,西貢區
PRIMARY,小學,ENGLISH SCHOOLS FOUNDATION,英基學校協會,SHATIN JUNIOR SCHOOL,SHATIN JUNIOR SCHOOL,SHA TIN,沙田區
PRIMARY,小學,ENGLISH SCHOOLS FOUNDATION,英基學校協會,GLENEALY SCHOOL,己連拿小學,CENTRAL AND WESTERN,中西區
PRIMARY,小學,ENGLISH SCHOOLS FOUNDATION,英基學校協會,CLEARWATER BAY SCHOOL,CLEARWATER BAY SCHOOL,SAI KUNG,西貢區
PRIMARY,小學,ENGLISH SCHOOLS FOUNDATION,英基學校協會,KENNEDY SCHOOL,KENNEDY SCHOOL,SOUTHERN,南區
PRIMARY,小學,ENGLISH SCHOOLS FOUNDATION,英基學校協會,PEAK SCHOOL,PEAK SCHOOL,CENTRAL AND WESTERN,中西區
PRIMARY,小學,ENGLISH SCHOOLS FOUNDATION,英基學校協會,BEACON HILL SCHOOL,BEACON HILL SCHOOL,KOWLOON CITY,九龍城區
PRIMARY,小學,ENGLISH SCHOOLS FOUNDATION,英基學校協會,CLEARWATER BAY SCHOOL,CLEARWATER BAY SCHOOL,SAI KUNG,西貢區
PRIMARY,小學,ENGLISH SCHOOLS FOUNDATION,英基學校協會,QUARRY BAY SCHOOL,鰂魚涌小學,EASTERN,東區
PRIMARY,小學,ENGLISH SCHOOLS FOUNDATION,英基學校協會,JOCKEY CLUB SARAH ROE SCHOOL,賽馬會善樂學校,KOWLOON CITY,九龍城區
PRIMARY,小學,ENGLISH SCHOOLS FOUNDATION,英基學校協會,BRADBURY SCHOOL,白普理小學,WAN CHAI,灣仔區
PRIMARY,小學,ENGLISH SCHOOLS FOUNDATION,英基學校協會,KOWLOON JUNIOR SCHOOL,KOWLOON JUNIOR SCHOOL,KOWLOON CITY,九龍城區
PRIMARY,小學,AIDED,資助,LI SING TAI HANG SCHOOL,李陞大坑學校,WAN CHAI,灣仔區
PRIMARY,小學,AIDED,資助,TSUEN WAN PUBLIC HO CHUEN YIU MEMORIAL PRIMARY SCHOOL,荃灣公立何傳耀紀念小學,TSUEN WAN,荃灣區
PRIMARY,小學,AIDED,資助,MENG TAK CATHOLIC SCHOOL,天主教明德學校,EASTERN,東區
PRIMARY,小學,AIDED,資助,HONG KONG TAOIST ASSOCIATION WUN TSUEN SCHOOL,香港道教聯合會雲泉學校,KWUN TONG,觀塘區
PRIMARY,小學,AIDED,資助,FR. CUCCHIARA MEMORIAL SCHOOL,郭怡雅神父紀念學校,SHAM SHUI PO,深水埗區
PRIMARY,小學,AIDED,資助,PO LEUNG KUK SIU HON-SUM PRIMARY SCHOOL,保良局蕭漢森小學,SHA TIN,沙田區
PRIMARY,小學,AIDED,資助,NEW TERRITORIES WOMEN & JUVENILES WELFARE ASSOCIATION CHRISTIAN REMEMBRANCE OF GRACE PRIMARY SCHOOL,新界婦孺福利會基督教銘恩小學,TAI PO,大埔區
PRIMARY,小學,AIDED,資助,SALESIAN SCHOOL,慈幼學校,EASTERN,東區
PRIMARY,小學,AIDED,資助,TAI PO BAPTIST PUBLIC SCHOOL,大埔浸信會公立學校,TAI PO,大埔區
PRIMARY,小學,AIDED,資助,TAI PO BAPTIST PUBLIC SCHOOL,大埔浸信會公立學校,TAI PO,大埔區
PRIMARY,小學,AIDED,資助,STEWARDS POOI KEI PRIMARY SCHOOL,培基小學,SHA TIN,沙田區
PRIMARY,小學,AIDED,資助,TUNG WAH GROUP OF HOSPITALS HOK SHAN SCHOOL,東華三院鶴山學校,SOUTHERN,南區
PRIMARY,小學,AIDED,資助,YAN CHAI HOSPITAL CHOI HIN TO PRIMARY SCHOOL,仁濟醫院蔡衍濤小學,TAI PO,大埔區
PRIMARY,小學,AIDED,資助,YAN OI TONG MADAM LAU WONG FAT PRIMARY SCHOOL,仁愛堂劉皇發夫人小學,TUEN MUN,屯門區
PRIMARY,小學,AIDED,資助,FREE METHODIST MEI LAM PRIMARY SCHOOL,循理會美林小學,SHA TIN,沙田區
PRIMARY,小學,AIDED,資助,HOLY FAMILY CANOSSIAN SCHOOL,嘉諾撒聖家學校,KOWLOON CITY,九龍城區
PRIMARY,小學,AIDED,資助,BAPTIST HUNG HIN SHIU RAINBOW PRIMARY SCHOOL,浸信會孔憲紹天虹小學,WONG TAI SIN,黃大仙區
PRIMARY,小學,AIDED,資助,"ALLIANCE PRIMARY SCHOOL, TAI HANG TUNG",大坑東宣道小學,SHAM SHUI PO,深水埗區
PRIMARY,小學,AIDED,資助,CUHK FEDERATION OF ALUMNI ASSOCIATION THOMAS CHEUNG SCHOOL,香港中文大學校友會聯會張煊昌學校,SHA TIN,沙田區
PRIMARY,小學,AIDED,資助,T.W.G.HS KO HO NING MEMORIAL PRIMARY SCHOOL,東華三院高可寧紀念小學,KWAI TSING,葵青區
PRIMARY,小學,AIDED,資助,S.K.H. LEE SHIU KEUNG PRIMARY SCHOOL,聖公會李兆強小學,KWUN TONG,觀塘區
PRIMARY,小學,AIDED,資助,ASBURY METHODIST PRIMARY SCHOOL,亞斯理衛理小學,KWAI TSING,葵青區
PRIMARY,小學,AIDED,資助,S.K.H. KEI LOK PRIMARY SCHOOL,聖公會基樂小學,KWUN TONG,觀塘區
PRIMARY,小學,AIDED,資助,HOP YAT CHURCH SCHOOL,合一堂學校,KOWLOON CITY,九龍城區
PRIMARY,小學,AIDED,資助,THE CHURCH OF CHRIST IN CHINA KEI WA PRIMARY SCHOOL (KOWLOON TONG),中華基督教會基華小學(九龍塘),KOWLOON CITY,九龍城區
PRIMARY,小學,AIDED,資助,CHRISTIAN PUI YAN PRIMARY SCHOOL,基督教培恩小學,YUEN LONG,元朗區
PRIMARY,小學,AIDED,資助,THE CHURCH OF CHRIST IN CHINA CHUEN YUEN FIRST PRIMARY SCHOOL,中華基督教會全完第一小學,TSUEN WAN,荃灣區
PRIMARY,小學,AIDED,資助,THE CHURCH OF CHRIST IN CHINA MONG WONG FAR YOK MEMORIAL PRIMARY SCHOOL,中華基督教會蒙黃花沃紀念小學,TUEN MUN,屯門區
PRIMARY,小學,AIDED,資助,SHA TIN METHODIST PRIMARY SCHOOL,沙田循道衛理小學,SHA TIN,沙田區
PRIMARY,小學,AIDED,資助,TUNG CHUNG CATHOLIC SCHOOL,東涌天主教學校,ISLANDS,離島區
PRIMARY,小學,AIDED,資助,TUNG KOON SCHOOL,東莞學校,NORTH,北區
PRIMARY,小學,AIDED,資助,HOP YAT CHURCH SCHOOL,合一堂學校,KOWLOON CITY,九龍城區
PRIMARY,小學,AIDED,資助,THE PENTECOSTAL HOLINESS CHURCH WING KWONG JUNIOR SCHOOL,五旬節聖潔會永光小學,TAI PO,大埔區
PRIMARY,小學,AIDED,資助,SACRED HEART CANOSSIAN SCHOOL,嘉諾撒聖心學校,CENTRAL AND WESTERN,中西區
PRIMARY,小學,AIDED,資助,CHEUNG SHA WAN CATHOLIC PRIMARY SCHOOL,長沙灣天主教小學,SHAM SHUI PO,深水埗區
PRIMARY,小學,AIDED,資助,THE SALVATION ARMY TIN KA PING SCHOOL,救世軍田家炳學校,SHA TIN,沙田區
PRIMARY,小學,AIDED,資助,PUI TAK CANOSSIAN PRIMARY SCHOOL,嘉諾撒培德學校,SOUTHERN,南區
PRIMARY,小學,AIDED,資助,SHA TIN WAI DR. CATHERINE F. WOO MEMORIAL SCHOOL,沙田圍胡素貞博士紀念學校,SHA TIN,沙田區
PRIMARY,小學,AIDED,資助,ST. STEPHEN'S GIRLS' PRIMARY SCHOOL,聖士提反女子中學附屬小學,CENTRAL AND WESTERN,中西區
PRIMARY,小學,AIDED,資助,THE CHURCH OF CHRIST IN CHINA CHEUNG CHAU CHURCH KAM KONG PRIMARY SCHOOL,中華基督教會長洲堂錦江小學,ISLANDS,離島區
PRIMARY,小學,AIDED,資助,S.K.H. TSING YI CHU YAN PRIMARY SCHOOL,聖公會青衣主恩小學,KWAI TSING,葵青區
PRIMARY,小學,AIDED,資助,S.K.H. CHU YAN PRIMARY SCHOOL,聖公會主恩小學,KWAI TSING,葵青區
PRIMARY,小學,AIDED,資助,CNEC LUI MING CHOI PRIMARY SCHOOL,中華傳道會呂明才小學,KWAI TSING,葵青區
PRIMARY,小學,AIDED,資助,CARMEL LEUNG SING TAK SCHOOL,迦密梁省德學校,KWUN TONG,觀塘區
PRIMARY,小學,AIDED,資助,LUI CHEUNG KWONG LUTHERAN PRIMARY SCHOOL,路德會呂祥光小學,TUEN MUN,屯門區
PRIMARY,小學,AIDED,資助,SUNG TAK WONG KIN SHEUNG MEMORIAL SCHOOL,大埔崇德黃建常紀念學校,TAI PO,大埔區
PRIMARY,小學,AIDED,資助,HKFYG LEE SHAU KEE PRIMARY SCHOOL,香港青年協會李兆基小學,YUEN LONG,元朗區
PRIMARY,小學,AIDED,資助,LOK WAH CATHOLIC PRIMARY SCHOOL,樂華天主教小學,KWUN TONG,觀塘區
PRIMARY,小學,AIDED,資助,S.K.H. YAN LAAP MEMORIAL PRIMARY SCHOOL,聖公會仁立紀念小學,KWAI TSING,葵青區
PRIMARY,小學,AIDED,資助,TAOIST CHING CHUNG PRIMARY SCHOOL,道教青松小學,TUEN MUN,屯門區
PRIMARY,小學,AIDED,資助,CHING CHUNG HAU PO WOON PRIMARY SCHOOL,青松侯寶垣小學,ISLANDS,離島區
PRIMARY,小學,AIDED,資助,PO LEUNG KUK FUNG CHING MEMORIAL PRIMARY SCHOOL,保良局馮晴紀念小學,SAI KUNG,西貢區
PRIMARY,小學,AIDED,資助,HHCKLA BUDDHIST WONG CHO SUM SCHOOL,香海正覺蓮社佛教黃藻森學校,SAI KUNG,西貢區
PRIMARY,小學,AIDED,資助,SIR ROBERT BLACK COLLEGE OF EDUCATION PAST STUDENTS' ASSOCIATION HO SAU KI SCHOOL,柏立基教育學院校友會何壽基學校,TUEN MUN,屯門區
PRIMARY,小學,AIDED,資助,FANLING PUBLIC SCHOOL,粉嶺公立學校,NORTH,北區
PRIMARY,小學,AIDED,資助,CARMEL ALISON LAM PRIMARY SCHOOL,迦密愛禮信小學,SHA TIN,沙田區
PRIMARY,小學,AIDED,資助,NG CLAN'S ASSOCIATION TAI PAK MEMORIAL SCHOOL,吳氏宗親總會泰伯紀念學校,SHA TIN,沙田區
PRIMARY,小學,AIDED,資助,TOI SHAN ASSOCIATION PRIMARY SCHOOL,台山商會學校,TUEN MUN,屯門區
PRIMARY,小學,AIDED,資助,PENTECOSTAL YU LEUNG FAT PRIMARY SCHOOL,五旬節于良發小學,NORTH,北區
PRIMARY,小學,AIDED,資助,SAM SHUI NATIVES ASSOCIATION HUEN KING WING SCHOOL,三水同鄉會禤景榮學校,TAI PO,大埔區
PRIMARY,小學,AIDED,資助,SHATIN TSUNG TSIN SCHOOL,沙田崇真學校,SHA TIN,沙田區
PRIMARY,小學,AIDED,資助,YAN CHAI HOSPITAL CHAN IU SENG PRIMARY SCHOOL,仁濟醫院陳耀星小學,SAI KUNG,西貢區
PRIMARY,小學,AIDED,資助,YAN CHAI HOSPITAL CHIU TSANG HOK WAN PRIMARY SCHOOL,仁濟醫院趙曾學韞小學,KWAI TSING,葵青區
PRIMARY,小學,AIDED,資助,SIR ROBERT BLACK COLLEGE OF EDUCATION PAST STUDENTS' ASSOCIATION LU KWONG FAI MEMORIAL SCHOOL,柏立基教育學院校友會盧光輝紀念學校,KWAI TSING,葵青區
PRIMARY,小學,AIDED,資助,PO LEUNG KUK DR. JIMMY WONG CHI-HO (TIN SUM VALLEY) PRIMARY SCHOOL,保良局王賜豪(田心谷)小學,SHA TIN,沙田區
PRIMARY,小學,AIDED,資助,PO KOK PRIMARY SCHOOL,寶覺小學,WAN CHAI,灣仔區
PRIMARY,小學,AIDED,資助,TUNG TAK SCHOOL,通德學校,YUEN LONG,元朗區
PRIMARY,小學,AIDED,資助,THE EDUCATION UNIVERSITY OF HONG KONG JOCKEY CLUB PRIMARY SCHOOL,香港教育大學賽馬會小學,TAI PO,大埔區
PRIMARY,小學,AIDED,資助,THE CHURCH OF CHRIST IN CHINA KEI WA PRIMARY SCHOOL,中華基督教會基華小學,WONG TAI SIN,黃大仙區
PRIMARY,小學,AIDED,資助,SHEK LEI ST. JOHN'S CATHOLIC PRIMARY SCHOOL,石籬聖若望天主教小學,KWAI TSING,葵青區
PRIMARY,小學,AIDED,資助,PO LEUNG KUK WOMEN'S WELFARE CLUB WESTERN DISTRICT FUNG LEE PUI YIU PRIMARY SCHOOL,保良局西區婦女福利會馮李佩瑤小學,TUEN MUN,屯門區
PRIMARY,小學,AIDED,資助,TUNG WAH GROUP OF HOSPITALS MA KAM CHAN MEMORIAL PRIMARY SCHOOL,東華三院馬錦燦紀念小學,NORTH,北區
PRIMARY,小學,AIDED,資助,THE CHURCH OF CHRIST IN CHINA HEEP WOH PRIMARY SCHOOL (CHEUNG SHA WAN),中華基督教會協和小學(長沙灣),SHAM SHUI PO,深水埗區
PRIMARY,小學,AIDED,資助,SHUN TAK FRATERNAL ASSOCIATION LEE KAM PRIMARY SCHOOL,順德聯誼總會李金小學,TUEN MUN,屯門區
PRIMARY,小學,AIDED,資助,KOWLOON TONG BISHOP WALSH CATHOLIC SCHOOL,九龍塘天主教華德學校,KOWLOON CITY,九龍城區
PRIMARY,小學,AIDED,資助,S.K.H. YUEN CHEN MAUN CHEN JUBILEE PRIMARY SCHOOL,聖公會阮鄭夢芹銀禧小學,TAI PO,大埔區
PRIMARY,小學,AIDED,資助,TAOIST CHING CHUNG PRIMARY SCHOOL (WU KING ESTATE),道教青松小學(湖景邨),TUEN MUN,屯門區
PRIMARY,小學,AIDED,資助,SHAM TSENG CATHOLIC PRIMARY SCHOOL,深井天主教小學,TSUEN WAN,荃灣區
PRIMARY,小學,AIDED,資助,"CHINESE METHODIST SCHOOL, TANNER HILL",丹拿山循道學校,EASTERN,東區
PRIMARY,小學,AIDED,資助,BUDDHIST CHAN WING KAN MEMORIAL SCHOOL,佛教陳榮根紀念學校,YUEN LONG,元朗區
PRIMARY,小學,AIDED,資助,MARYKNOLL FATHERS' SCHOOL (PRIMARY SECTION),瑪利諾神父教會學校(小學部),SHAM SHUI PO,深水埗區
PRIMARY,小學,AIDED,資助,JORDAN VALLEY ST. JOSEPH'S CATHOLIC PRIMARY SCHOOL,佐敦谷聖若瑟天主教小學,KWUN TONG,觀塘區
PRIMARY,小學,AIDED,資助,THE CHURCH OF CHRIST IN CHINA CHUEN YUEN SECOND PRIMARY SCHOOL,中華基督教會全完第二小學,KWAI TSING,葵青區
PRIMARY,小學,AIDED,資助,BISHOP WALSH PRIMARY SCHOOL,華德學校,WONG TAI SIN,黃大仙區
PRIMARY,小學,AIDED,資助,THE CHURCH OF CHRIST IN CHINA KEI TSUN PRIMARY SCHOOL,中華基督教會基全小學,YAU TSIM MONG,油尖旺區
PRIMARY,小學,AIDED,資助,METHODIST SCHOOL,循道學校,YAU TSIM MONG,油尖旺區
PRIMARY,小學,AIDED,資助,FRESH FISH TRADERS' SCHOOL,鮮魚行學校,YAU TSIM MONG,油尖旺區
PRIMARY,小學,AIDED,資助,KOWLOON WOMEN'S WELFARE CLUB LI PING MEMORIAL SCHOOL,九龍婦女福利會李炳紀念學校,YAU TSIM MONG,油尖旺區
PRIMARY,小學,AIDED,資助,THE EVANGELICAL LUTHERAN CHURCH OF HONG KONG FAITH LOVE LUTHERAN SCHOOL,基督教香港信義會信愛學校,EASTERN,東區
PRIMARY,小學,AIDED,資助,PRECIOUS BLOOD PRIMARY SCHOOL,寶血小學,WAN CHAI,灣仔區
PRIMARY,小學,AIDED,資助,PRECIOUS BLOOD PRIMARY SCHOOL (WAH FU ESTATE),華富邨寶血小學,SOUTHERN,南區
PRIMARY,小學,AIDED,資助,FUNG KAI NO.1 PRIMARY SCHOOL,鳳溪第一小學,NORTH,北區
PRIMARY,小學,AIDED,資助,"EMMANUEL PRIMARY SCHOOL, KOWLOON",九龍靈光小學,KOWLOON CITY,九龍城區
PRIMARY,小學,AIDED,資助,THE CHURCH OF CHRIST IN CHINA CHUN KWONG PRIMARY SCHOOL,中華基督教會元朗真光小學,YUEN LONG,元朗區
PRIMARY,小學,AIDED,資助,FREE METHODIST BRADBURY CHUN LEI PRIMARY SCHOOL,循理會白普理基金循理小學,SHA TIN,沙田區
PRIMARY,小學,AIDED,資助,THE ASSOCIATION OF DIRECTORS & FORMER DIRECTORS OF POK OI HOSPITAL LTD MRS CHENG YAM ON SCHOOL,博愛醫院歷屆總理聯誼會鄭任安夫人學校,TUEN MUN,屯門區
PRIMARY,小學,AIDED,資助,CHEUNG CHAU SACRED HEART SCHOOL,長洲聖心學校,ISLANDS,離島區
PRIMARY,小學,AIDED,資助,TUNG WAH GROUP OF HOSPITALS LO YU CHIK PRIMARY SCHOOL,東華三院羅裕積小學,YAU TSIM MONG,油尖旺區
PRIMARY,小學,AIDED,資助,TUNG WAH GROUP OF HOSPITALS YIU DAK CHI MEMORIAL PRIMARY SCHOOL (YUEN LONG),東華三院姚達之紀念小學(元朗),YUEN LONG,元朗區
PRIMARY,小學,AIDED,資助,MARY OF PROVIDENCE PRIMARY SCHOOL,天佑小學,TSUEN WAN,荃灣區
PRIMARY,小學,AIDED,資助,S.K.H. KEI WING PRIMARY SCHOOL,聖公會基榮小學,YAU TSIM MONG,油尖旺區
PRIMARY,小學,AIDED,資助,S.K.H. MUNG YAN PRIMARY SCHOOL,聖公會蒙恩小學,TUEN MUN,屯門區
PRIMARY,小學,AIDED,資助,S.K.H. WING CHUN PRIMARY SCHOOL,聖公會榮真小學,NORTH,北區
PRIMARY,小學,AIDED,資助,HONG KONG AND MACAU LUTHERAN CHURCH WONG CHAN SOOK YING MEMORIAL SCHOOL,港澳信義會黃陳淑英紀念學校,YUEN LONG,元朗區
PRIMARY,小學,AIDED,資助,TSEUNG KWAN O CATHOLIC PRIMARY SCHOOL,將軍澳天主教小學,SAI KUNG,西貢區
PRIMARY,小學,AIDED,資助,THE CHURCH OF CHRIST IN CHINA HEEP WOH PRIMARY SCHOOL,中華基督教會協和小學,YAU TSIM MONG,油尖旺區
PRIMARY,小學,AIDED,資助,BUDDHIST LAM BING YIM MEMORIAL SCHOOL (SPONSORED BY THE HONG KONG BUDDHIST ASSOCIATION),佛教林炳炎紀念學校(香港佛教聯合會主辦),KWAI TSING,葵青區
PRIMARY,小學,AIDED,資助,LEE CHI TAT MEMORIAL SCHOOL,李志達紀念學校,NORTH,北區
PRIMARY,小學,AIDED,資助,LEI MUK SHUE CATHOLIC PRIMARY SCHOOL,梨木樹天主教小學,TSUEN WAN,荃灣區
PRIMARY,小學,AIDED,資助,PING SHEK ESTATE CATHOLIC PRIMARY SCHOOL,坪石天主教小學,KWUN TONG,觀塘區
PRIMARY,小學,AIDED,資助,CUMBERLAND PRESBYTERIAN CHURCH YAO DAO PRIMARY SCHOOL,金巴崙長老會耀道小學,YUEN LONG,元朗區
PRIMARY,小學,AIDED,資助,PO LEUNG KUK CHONG KEE TING PRIMARY SCHOOL,保良局莊啟程小學,SHA TIN,沙田區
PRIMARY,小學,AIDED,資助,KAM TIN MUNG YEUNG PUBLIC SCHOOL,錦田公立蒙養學校,YUEN LONG,元朗區
PRIMARY,小學,AIDED,資助,CHRISTIAN ALLIANCE S Y YEH MEMORIAL PRIMARY SCHOOL,宣道會葉紹蔭紀念小學,YUEN LONG,元朗區
PRIMARY,小學,AIDED,資助,TAI PO OLD MARKET PUBLIC SCHOOL,大埔舊墟公立學校,TAI PO,大埔區
PRIMARY,小學,AIDED,資助,YUEN LONG PUBLIC MIDDLE SCHOOL ALUMNI ASSOCIATION PRIMARY SCHOOL,元朗公立中學校友會小學,YUEN LONG,元朗區
PRIMARY,小學,AIDED,資助,TSUEN WAN CHIU CHOW PUBLIC SCHOOL,荃灣潮州公學,TSUEN WAN,荃灣區
PRIMARY,小學,AIDED,資助,TSING YI TRADE ASSOCIATION PRIMARY SCHOOL,青衣商會小學,KWAI TSING,葵青區
PRIMARY,小學,AIDED,資助,HONG KONG AND KOWLOON KAIFONG WOMEN'S ASSOCIATION SUN FONG CHUNG PRIMARY SCHOOL,港九街坊婦女會孫方中小學,TAI PO,大埔區
PRIMARY,小學,AIDED,資助,S.K.H. FUNG KEI PRIMARY SCHOOL,聖公會奉基小學,KOWLOON CITY,九龍城區
PRIMARY,小學,AIDED,資助,HONG KONG TAOIST ASSOCIATION WUN TSUEN NG LAI WO MEMORIAL SCHOOL,香港道教聯合會雲泉吳禮和紀念學校,TAI PO,大埔區
PRIMARY,小學,AIDED,資助,HONG KONG TAOIST ASSOCIATION SHUN YEUNG PRIMARY SCHOOL,香港道教聯合會純陽小學,SHA TIN,沙田區
PRIMARY,小學,AIDED,資助,LAM TSUEN PUBLIC WONG FOOK LUEN MEMORIAL SCHOOL,林村公立黃福鑾紀念學校,TAI PO,大埔區
PRIMARY,小學,AIDED,資助,SHAP PAT HEUNG RURAL COMMITTEE KUNG YIK SHE PRIMARY SCHOOL,十八鄉鄉事委員會公益社小學,YUEN LONG,元朗區
PRIMARY,小學,AIDED,資助,SHUN TAK FRATERNAL ASSOCIATION WU MIEN TUEN PRIMARY SCHOOL,順德聯誼總會伍冕端小學,YUEN LONG,元朗區
PRIMARY,小學,AIDED,資助,TUNG WAH GROUP OF HOSPITALS LEO TUNG-HAI LEE PRIMARY SCHOOL,東華三院李東海小學,YUEN LONG,元朗區
PRIMARY,小學,AIDED,資助,S.K.H. LING OI PRIMARY SCHOOL,聖公會靈愛小學,YUEN LONG,元朗區
PRIMARY,小學,AIDED,資助,ISLAMIC DHARWOOD PAU MEMORIAL PRIMARY SCHOOL,伊斯蘭鮑伯濤紀念小學,WONG TAI SIN,黃大仙區
PRIMARY,小學,AIDED,資助,CATHOLIC MISSION SCHOOL,天主教總堂區學校,CENTRAL AND WESTERN,中西區
PRIMARY,小學,AIDED,資助,TAI PO OLD MARKET PUBLIC SCHOOL (PLOVER COVE),大埔舊墟公立學校(寶湖道),TAI PO,大埔區
PRIMARY,小學,AIDED,資助,PAT HEUNG CENTRAL PRIMARY SCHOOL,八鄉中心小學,YUEN LONG,元朗區
PRIMARY,小學,AIDED,資助,S.K.H. CHU OI PRIMARY SCHOOL (LEI MUK SHUE),聖公會主愛小學(梨木樹),TSUEN WAN,荃灣區
PRIMARY,小學,AIDED,資助,CHAI WAN KOK CATHOLIC PRIMARY SCHOOL,柴灣角天主教小學,TSUEN WAN,荃灣區
PRIMARY,小學,AIDED,資助,S.K.H. ST. PETER'S PRIMARY SCHOOL,聖公會聖彼得小學,CENTRAL AND WESTERN,中西區
PRIMARY,小學,AIDED,資助,XIANGGANG PUTONGHUA YANXISHE PRIMARY SCHOOL OF SCIENCE AND CREATIVITY,香港普通話研習社科技創意小學,YUEN LONG,元朗區
PRIMARY,小學,AIDED,資助,LOK SIN TONG LEUNG KAU KUI PRIMARY SCHOOL,樂善堂梁銶琚學校,YUEN LONG,元朗區
PRIMARY,小學,AIDED,資助,S.K.H. HO CHAK WAN PRIMARY SCHOOL,聖公會何澤芸小學,KWAI TSING,葵青區
PRIMARY,小學,AIDED,資助,CHUNG SING SCHOOL,鐘聲學校,YUEN LONG,元朗區
PRIMARY,小學,AIDED,資助,TAI PO BAPTIST PUBLIC SCHOOL,大埔浸信會公立學校,TAI PO,大埔區
PRIMARY,小學,AIDED,資助,KWONG MING SCHOOL,光明學校,YUEN LONG,元朗區
PRIMARY,小學,AIDED,資助,NEW TERRITORIES WOMEN & JUVENILES WELFARE ASSOCIATION LTD. LEUNG SING TAK PRIMARY SCHOOL,新界婦孺福利會有限公司梁省德學校,TAI PO,大埔區
PRIMARY,小學,AIDED,資助,S.K.H. ST. THOMAS' PRIMARY SCHOOL,聖公會聖多馬小學,SHAM SHUI PO,深水埗區
PRIMARY,小學,AIDED,資助,YUEN LONG LONG PING ESTATE WAI CHOW SCHOOL,元朗朗屏邨惠州學校,YUEN LONG,元朗區
PRIMARY,小學,AIDED,資助,ST. ANTONIUS PRIMARY SCHOOL,聖安當小學,KWUN TONG,觀塘區
PRIMARY,小學,AIDED,資助,PO LEUNG KUK GRANDMONT PRIMARY SCHOOL,保良局錦泰小學,WONG TAI SIN,黃大仙區
PRIMARY,小學,AIDED,資助,S.K.H. CHI FU CHI NAM PRIMARY SCHOOL,聖公會置富始南小學,SOUTHERN,南區
PRIMARY,小學,AIDED,資助,PO LEUNG KUK TIN KA PING MILLENNIUM PRIMARY SCHOOL,保良局田家炳千禧小學,TAI PO,大埔區
PRIMARY,小學,AIDED,資助,YUEN LONG PUBLIC MIDDLE SCHOOL ALUMNI ASSOCIATION TANG YING YIP PRIMARY SCHOOL,元朗公立中學校友會鄧英業小學,YUEN LONG,元朗區
PRIMARY,小學,AIDED,資助,PO LEUNG KUK RIVERAIN PRIMARY SCHOOL,保良局雨川小學,SHA TIN,沙田區
PRIMARY,小學,AIDED,資助,ST. EDWARD'S CATHOLIC PRIMARY SCHOOL,聖愛德華天主教小學,KWUN TONG,觀塘區
PRIMARY,小學,AIDED,資助,FUNG KAI LIU YUN-SUM MEMORIAL SCHOOL,鳳溪廖潤琛紀念學校,NORTH,北區
PRIMARY,小學,AIDED,資助,S.K.H. YUEN CHEN MAUN CHEN PRIMARY SCHOOL,聖公會阮鄭夢芹小學,TAI PO,大埔區
PRIMARY,小學,AIDED,資助,MA ON SHAN METHODIST PRIMARY SCHOOL,馬鞍山循道衛理小學,SHA TIN,沙田區
PRIMARY,小學,AIDED,資助,S.K.H. ST. JOHN'S TSANG SHIU TIM PRIMARY SCHOOL,聖公會聖約翰曾肇添小學,KWUN TONG,觀塘區
PRIMARY,小學,AIDED,資助,OUR LADY OF CHINA CATHOLIC PRIMARY SCHOOL,天主教佑華小學,KWUN TONG,觀塘區
PRIMARY,小學,AIDED,資助,NORTH POINT METHODIST PRIMARY SCHOOL,北角衞理小學,EASTERN,東區
PRIMARY,小學,AIDED,資助,PO LEUNG KUK STANLEY HO SAU NAN PRIMARY SCHOOL,保良局何壽南小學,KOWLOON CITY,九龍城區
PRIMARY,小學,AIDED,資助,KOWLOON CITY BAPTIST CHURCH HAY NIEN PRIMARY SCHOOL,九龍城浸信會禧年小學,SHA TIN,沙田區
PRIMARY,小學,AIDED,資助,FUK TAK EDUCATION SOCIETY PRIMARY SCHOOL,福德學社小學,NORTH,北區
PRIMARY,小學,AIDED,資助,HONG KONG TAOIST ASSOCIATION THE YUEN YUEN INSTITUTE CHAN LUI CHUNG TAK MEMORIAL SCHOOL,香港道教聯合會圓玄學院陳呂重德紀念學校,KWUN TONG,觀塘區
PRIMARY,小學,AIDED,資助,PO ON COMMERCIAL ASSOCIATION WAN HO KAN PRIMARY SCHOOL,寶安商會溫浩根小學,ISLANDS,離島區
PRIMARY,小學,AIDED,資助,HO LAP PRIMARY SCHOOL (SPONSORED BY SIK SIK YUEN),嗇色園主辦可立小學,WONG TAI SIN,黃大仙區
PRIMARY,小學,AIDED,資助,TSUEN WAN TRADE ASSOCIATION PRIMARY SCHOOL,荃灣商會學校,KWAI TSING,葵青區
PRIMARY,小學,AIDED,資助,BISHOP PASCHANG CATHOLIC SCHOOL,天主教柏德學校,KWUN TONG,觀塘區
PRIMARY,小學,AIDED,資助,S.K.H. TIN WAN CHI NAM PRIMARY SCHOOL,聖公會田灣始南小學,SOUTHERN,南區
PRIMARY,小學,AIDED,資助,LING LIANG CHURCH SAU TAK PRIMARY SCHOOL,靈糧堂秀德小學,ISLANDS,離島區
PRIMARY,小學,AIDED,資助,HOLY FAMILY CANOSSIAN SCHOOL (KOWLOON TONG),嘉諾撒聖家學校(九龍塘),KOWLOON CITY,九龍城區
PRIMARY,小學,AIDED,資助,HKFEW WONG CHO BAU SCHOOL,香港教育工作者聯會黃楚標學校,ISLANDS,離島區
PRIMARY,小學,AIDED,資助,CHRISTIAN & MISSIONARY ALLIANCE CHUI CHAK LAM MEMORIAL SCHOOL,基督教宣道會徐澤林紀念小學,YUEN LONG,元朗區
PRIMARY,小學,AIDED,資助,SHANGHAI ALUMNI PRIMARY SCHOOL,滬江小學,EASTERN,東區
PRIMARY,小學,AIDED,資助,SHAUKIWAN TSUNG TSIN SCHOOL,筲箕灣崇真學校,EASTERN,東區
PRIMARY,小學,AIDED,資助,THE HONG KONG CHINESE WOMEN'S CLUB HIOE TJO YOENG PRIMARY SCHOOL,香港中國婦女會丘佐榮學校,EASTERN,東區
PRIMARY,小學,AIDED,資助,ST. BONAVENTURE CATHOLIC PRIMARY SCHOOL,聖文德天主教小學,WONG TAI SIN,黃大仙區
PRIMARY,小學,AIDED,資助,ST. PETER'S CATHOLIC PRIMARY SCHOOL,聖伯多祿天主教小學,SOUTHERN,南區
PRIMARY,小學,AIDED,資助,SAN WUI COMMERCIAL SOCIETY SCHOOL,新會商會學校,CENTRAL AND WESTERN,中西區
PRIMARY,小學,AIDED,資助,YUEN LONG MERCHANTS ASSOCIATION PRIMARY SCHOOL,元朗商會小學,YUEN LONG,元朗區
PRIMARY,小學,AIDED,資助,TUN YU SCHOOL,惇裕學校,YUEN LONG,元朗區
PRIMARY,小學,AIDED,資助,NG WAH CATHOLIC PRIMARY SCHOOL,天主教伍華小學,WONG TAI SIN,黃大仙區
PRIMARY,小學,AIDED,資助,YUK YIN SCHOOL,育賢學校,NORTH,北區
PRIMARY,小學,AIDED,資助,KWOK MAN SCHOOL,國民學校,ISLANDS,離島區
PRIMARY,小學,AIDED,資助,LOK SIN TONG YEUNG CHUNG MING PRIMARY SCHOOL,樂善堂楊仲明學校,KWUN TONG,觀塘區
PRIMARY,小學,AIDED,資助,NORTHERN LAMMA SCHOOL,南丫北段公立小學,ISLANDS,離島區
PRIMARY,小學,AIDED,資助,KAM TSIN VILLAGE HO TUNG SCHOOL,金錢村何東學校,NORTH,北區
PRIMARY,小學,AIDED,資助,BUDDHIST WONG CHEUK UM PRIMARY SCHOOL,佛教黃焯菴小學,WAN CHAI,灣仔區
PRIMARY,小學,AIDED,資助,PRICE MEMORIAL CATHOLIC PRIMARY SCHOOL,天主教博智小學,WONG TAI SIN,黃大仙區
PRIMARY,小學,AIDED,資助,S.K.H. KEI TAK PRIMARY SCHOOL,聖公會基德小學,WONG TAI SIN,黃大仙區
PRIMARY,小學,AIDED,資助,S.K.H. ST. MATTHEW'S PRIMARY SCHOOL,聖公會聖馬太小學,CENTRAL AND WESTERN,中西區
PRIMARY,小學,AIDED,資助,BUDDHIST CHUNG WAH KORNHILL PRIMARY SCHOOL,佛教中華康山學校,EASTERN,東區
PRIMARY,小學,AIDED,資助,THE CHURCH OF CHRIST IN CHINA BUT SAN PRIMARY SCHOOL,中華基督教會拔臣小學,TUEN MUN,屯門區
PRIMARY,小學,AIDED,資助,STEWARDS POOI KEI PRIMARY SCHOOL,培基小學,SHA TIN,沙田區
PRIMARY,小學,AIDED,資助,ST. FRANCIS' CANOSSIAN SCHOOL,嘉諾撒聖方濟各學校,WAN CHAI,灣仔區
PRIMARY,小學,AIDED,資助,ST. JOSEPH'S PRIMARY SCHOOL,聖若瑟小學,WAN CHAI,灣仔區
PRIMARY,小學,AIDED,資助,SALESIAN YIP HON PRIMARY SCHOOL,慈幼葉漢小學,KWAI TSING,葵青區
PRIMARY,小學,AIDED,資助,MUI WO SCHOOL,梅窩學校,ISLANDS,離島區
PRIMARY,小學,AIDED,資助,THE EVANGELICAL LUTHERAN CHURCH OF HONG KONG FAITH LUTHERAN SCHOOL,基督教香港信義會深信學校,SHAM SHUI PO,深水埗區
PRIMARY,小學,AIDED,資助,THE HONG KONG ENG CLANSMAN ASSOCIATION WU SI CHONG MEMORIAL SCHOOL,僑港伍氏宗親會伍時暢紀念學校,TUEN MUN,屯門區
PRIMARY,小學,AIDED,資助,THE EVANGELICAL LUTHERAN CHURCH OF HONG KONG WO CHE LUTHERAN SCHOOL,基督教香港信義會禾輋信義學校,SHA TIN,沙田區
PRIMARY,小學,AIDED,資助,S.K.H. GOOD SHEPHERD PRIMARY SCHOOL,聖公會牧愛小學,KOWLOON CITY,九龍城區
PRIMARY,小學,AIDED,資助,SAI KUNG CENTRAL LEE SIU YAM MEMORIAL SCHOOL,西貢中心李少欽紀念學校,SAI KUNG,西貢區
PRIMARY,小學,AIDED,資助,CANOSSA PRIMARY SCHOOL,嘉諾撒小學,WONG TAI SIN,黃大仙區
PRIMARY,小學,AIDED,資助,THE EVANGELICAL LUTHERAN CHURCH OF HONG KONG FAITH LUTHERAN SCHOOL,基督教香港信義會深信學校,SHAM SHUI PO,深水埗區
PRIMARY,小學,AIDED,資助,ASSEMBLY OF GOD LEUNG SING TAK PRIMARY SCHOOL,基督教神召會梁省德小學,SAI KUNG,西貢區
PRIMARY,小學,AIDED,資助,YAN CHAI HOSPITAL LAW CHAN CHOR SI PRIMARY SCHOOL,仁濟醫院羅陳楚思小學,TUEN MUN,屯門區
PRIMARY,小學,AIDED,資助,S.K.H. TSING YI ESTATE HO CHAK WAN PRIMARY SCHOOL,聖公會青衣邨何澤芸小學,KWAI TSING,葵青區
PRIMARY,小學,AIDED,資助,LUNG KONG WORLD FEDERATION SCHOOL LTD. WONG YIU NAM PRIMARY SCHOOL,世界龍岡學校黃耀南小學,SHA TIN,沙田區
PRIMARY,小學,AIDED,資助,HONG KONG BAPTIST CONVENTION PRIMARY SCHOOL,香港浸信會聯會小學,TSUEN WAN,荃灣區
PRIMARY,小學,AIDED,資助,CNEC TA TUNG SCHOOL,中華傳道會許大同學校,KWAI TSING,葵青區
PRIMARY,小學,AIDED,資助,ISLAMIC PRIMARY SCHOOL,伊斯蘭學校,TUEN MUN,屯門區
PRIMARY,小學,AIDED,資助,S.K.H. ST. JAMES' PRIMARY SCHOOL,聖公會聖雅各小學,WAN CHAI,灣仔區
PRIMARY,小學,AIDED,資助,SHEK LEI CATHOLIC PRIMARY SCHOOL,石籬天主教小學,KWAI TSING,葵青區
PRIMARY,小學,AIDED,資助,KA LING SCHOOL OF THE PRECIOUS BLOOD,寶血會嘉靈學校,SHAM SHUI PO,深水埗區
PRIMARY,小學,AIDED,資助,LEUNG KUI KAU LUTHERAN PRIMARY SCHOOL,路德會梁鉅鏐小學,SHA TIN,沙田區
PRIMARY,小學,AIDED,資助,S.K.H. TAK TIN LEE SHIU KEUNG PRIMARY SCHOOL,聖公會德田李兆強小學,KWUN TONG,觀塘區
PRIMARY,小學,AIDED,資助,PENTECOSTAL GIN MAO SHENG PRIMARY SCHOOL,五旬節靳茂生小學,NORTH,北區
PRIMARY,小學,AIDED,資助,THE CHURCH OF CHRIST IN CHINA KEI WAN PRIMARY SCHOOL (ALDRICH BAY),中華基督教會基灣小學(愛蝶灣),EASTERN,東區
PRIMARY,小學,AIDED,資助,LOK SIN TONG LEUNG KAU KUI PRIMARY SCHOOL (BRANCH),樂善堂梁銶琚學校(分校),YUEN LONG,元朗區
PRIMARY,小學,AIDED,資助,PO LEUNG KUK CASTAR PRIMARY SCHOOL,保良局世德小學,KWAI TSING,葵青區
PRIMARY,小學,AIDED,資助,ST PATRICK'S CATHOLIC PRIMARY SCHOOL (PO KONG VILLAGE ROAD),聖博德天主教小學(蒲崗村道),WONG TAI SIN,黃大仙區
PRIMARY,小學,AIDED,資助,THE SALVATION ARMY LAM BUTT CHUNG MEMORIAL SCHOOL,救世軍林拔中紀念學校,ISLANDS,離島區
PRIMARY,小學,AIDED,資助,ST. MATTHEW'S LUTHERAN SCHOOL (SAU MAU PING),路德會聖馬太學校(秀茂坪),KWUN TONG,觀塘區
PRIMARY,小學,AIDED,資助,S.K.H. TIN SHUI WAI LING OI PRIMARY SCHOOL,聖公會天水圍靈愛小學,YUEN LONG,元朗區
PRIMARY,小學,AIDED,資助,FANLING ASSEMBLY OF GOD CHURCH PRIMARY SCHOOL,基督教粉嶺神召會小學,NORTH,北區
PRIMARY,小學,AIDED,資助,BAPTIST (SHA TIN WAI) LUI MING CHOI PRIMARY SCHOOL,浸信會沙田圍呂明才小學,SHA TIN,沙田區
PRIMARY,小學,AIDED,資助,S.K.H. MA ON SHAN HOLY SPIRIT PRIMARY SCHOOL,聖公會馬鞍山主風小學,SHA TIN,沙田區
PRIMARY,小學,AIDED,資助,THE SALVATION ARMY ANN WYLLIE MEMORIAL SCHOOL,救世軍韋理夫人紀念學校,EASTERN,東區
PRIMARY,小學,AIDED,資助,BUDDHIST LIM KIM TIAN MEMORIAL PRIMARY SCHOOL,佛教林金殿紀念小學,KWAI TSING,葵青區
PRIMARY,小學,AIDED,資助,SHUN TAK FRATERNAL ASSOCIATION LEUNG KIT WAH PRIMARY SCHOOL,順德聯誼總會梁潔華小學,SAI KUNG,西貢區
PRIMARY,小學,AIDED,資助,HO YU COLLEGE AND PRIMARY SCHOOL (SPONSORED BY SIK SIK YUEN),嗇色園主辦可譽中學暨可譽小學,ISLANDS,離島區
PRIMARY,小學,AIDED,資助,THE ENDEAVOURERS LEUNG LEE SAU YU MEMORIAL PRIMARY SCHOOL,勵志會梁李秀娛紀念小學,EASTERN,東區
PRIMARY,小學,AIDED,資助,PRECIOUS BLOOD PRIMARY SCHOOL (SOUTH HORIZONS),海怡寶血小學,SOUTHERN,南區
PRIMARY,小學,AIDED,資助,CENTRAL & WESTERN DISTRICT ST. ANTHONY'S SCHOOL,中西區聖安多尼學校,CENTRAL AND WESTERN,中西區
PRIMARY,小學,AIDED,資助,THE MISSION COVENANT CHURCH HOLM GLAD PRIMARY SCHOOL,基督教聖約教會堅樂小學,KWUN TONG,觀塘區
PRIMARY,小學,AIDED,資助,ST. FRANCIS OF ASSISI'S CARITAS SCHOOL,聖方濟愛德小學,SHAM SHUI PO,深水埗區
PRIMARY,小學,AIDED,資助,THE HONG KONG SZE YAP COMMERCIAL & INDUSTRIAL ASSOCIATION SAN WUI COMMERCIAL SOCIETY SCHOOL,香港四邑商工總會新會商會學校,SHAM SHUI PO,深水埗區
PRIMARY,小學,AIDED,資助,THE CHURCH OF CHRIST IN CHINA KEI FAAT PRIMARY SCHOOL,中華基督教會基法小學,KWUN TONG,觀塘區
PRIMARY,小學,AIDED,資助,ST. ROSE OF LIMA'S SCHOOL,聖羅撒學校,KOWLOON CITY,九龍城區
PRIMARY,小學,AIDED,資助,TIN SHUI WAI CATHOLIC PRIMARY SCHOOL,天水圍天主教小學,YUEN LONG,元朗區
PRIMARY,小學,AIDED,資助,ST. PATRICK'S SCHOOL,聖博德學校,WONG TAI SIN,黃大仙區
PRIMARY,小學,AIDED,資助,S.K.H. KEI OI PRIMARY SCHOOL,聖公會基愛小學,SHAM SHUI PO,深水埗區
PRIMARY,小學,AIDED,資助,SACRED HEART CANOSSIAN SCHOOL,嘉諾撒聖心學校,CENTRAL AND WESTERN,中西區
PRIMARY,小學,AIDED,資助,THE CHURCH OF CHRIST IN CHINA KEI TSZ PRIMARY SCHOOL,中華基督教會基慈小學,WONG TAI SIN,黃大仙區
PRIMARY,小學,AIDED,資助,ST. ANTHONY'S SCHOOL,聖安多尼學校,CENTRAL AND WESTERN,中西區
PRIMARY,小學,AIDED,資助,S.K.H. KEI YAN PRIMARY SCHOOL,聖公會基恩小學,CENTRAL AND WESTERN,中西區
PRIMARY,小學,AIDED,資助,FUNG KAI INNOVATIVE SCHOOL,鳳溪創新小學,NORTH,北區
PRIMARY,小學,AIDED,資助,MARYMOUNT PRIMARY SCHOOL,瑪利曼小學,WAN CHAI,灣仔區
PRIMARY,小學,AIDED,資助,ST. JOHN THE BAPTIST CATHOLIC PRIMARY SCHOOL,聖若翰天主教小學,KWUN TONG,觀塘區
PRIMARY,小學,AIDED,資助,ST. EUGENE DE MAZENOD OBLATE PRIMARY SCHOOL,獻主會聖馬善樂小學,KOWLOON CITY,九龍城區
PRIMARY,小學,AIDED,資助,THE SALVATION ARMY CENTALINE CHARITY FUND SCHOOL,救世軍中原慈善基金學校,EASTERN,東區
PRIMARY,小學,AIDED,資助,"CHRISTIAN ALLIANCE TOI SHAN H. C. CHAN PRIMARY SCHOOL OF THE KOWLOON TONG CHURCH OF THE CHINESE CHRISTIAN AND MISSIONARY ALLIANCE, HONG KONG",香港九龍塘基督教中華宣道會台山陳元喜小學,SHA TIN,沙田區
PRIMARY,小學,AIDED,資助,THE CHURCH OF CHRIST IN CHINA KEI FAAT PRIMARY SCHOOL (YAU TONG),中華基督教會基法小學(油塘),KWUN TONG,觀塘區
PRIMARY,小學,AIDED,資助,SI YUAN SCHOOL OF THE PRECIOUS BLOOD,寶血會思源學校,TSUEN WAN,荃灣區
PRIMARY,小學,AIDED,資助,S.K.H. YAUTONG KEI HIN PRIMARY SCHOOL,聖公會油塘基顯小學,KWUN TONG,觀塘區
PRIMARY,小學,AIDED,資助,S.K.H. TSEUNG KWAN O KEI TAK PRIMARY SCHOOL,聖公會將軍澳基德小學,SAI KUNG,西貢區
PRIMARY,小學,AIDED,資助,TSEUNG KWAN O METHODIST PRIMARY SCHOOL,將軍澳循道衛理小學,SAI KUNG,西貢區
PRIMARY,小學,AIDED,資助,TSANG MUI MILLENNIUM SCHOOL,曾梅千禧學校,NORTH,北區
PRIMARY,小學,AIDED,資助,TUNG WAH GROUP OF HOSPITALS CHOW YIN SUM PRIMARY SCHOOL,東華三院周演森小學,KWAI TSING,葵青區
PRIMARY,小學,AIDED,資助,KWONG MING YING LOI SCHOOL,光明英來學校,YUEN LONG,元朗區
PRIMARY,小學,AIDED,資助,ABERDEEN ST PETER'S CATHOLIC PRIMARY SCHOOL,香港仔聖伯多祿天主教小學,SOUTHERN,南區
PRIMARY,小學,AIDED,資助,THE CHURCH OF CHRIST IN CHINA TAI O PRIMARY SCHOOL,中華基督教會大澳小學,ISLANDS,離島區
PRIMARY,小學,AIDED,資助,CHUN TOK SCHOOL,真鐸學校,WONG TAI SIN,黃大仙區
PRIMARY,小學,AIDED,資助,THE CHURCH OF CHRIST IN CHINA KEI CHUN PRIMARY SCHOOL,中華基督教會基真小學,KWAI TSING,葵青區
PRIMARY,小學,AIDED,資助,BAPTIST LUI MING CHOI PRIMARY SCHOOL,浸信會呂明才小學,SHA TIN,沙田區
PRIMARY,小學,AIDED,資助,THE CHURCH OF CHRIST IN CHINA KEI WAN PRIMARY SCHOOL,中華基督教會基灣小學,EASTERN,東區
PRIMARY,小學,AIDED,資助,CHI HONG PRIMARY SCHOOL,慈航學校,SHA TIN,沙田區
PRIMARY,小學,AIDED,資助,S.K.H. WEI LUN PRIMARY SCHOOL,聖公會偉倫小學,ISLANDS,離島區
PRIMARY,小學,AIDED,資助,BUI O PUBLIC SCHOOL,杯澳公立學校,ISLANDS,離島區
PRIMARY,小學,AIDED,資助,QUEEN ELIZABETH SCHOOL OLD STUDENTS' ASSOCIATION PRIMARY SCHOOL,伊利沙伯中學舊生會小學,YUEN LONG,元朗區
PRIMARY,小學,AIDED,資助,PO LEUNG KUK GOLD & SILVER EXCHANGE SOCIETY PERSHING TSANG SCHOOL,保良局金銀業貿易場張凝文學校,WAN CHAI,灣仔區
PRIMARY,小學,AIDED,資助,"CHIU SHEUNG SCHOOL, HONG KONG",香港潮商學校,CENTRAL AND WESTERN,中西區
PRIMARY,小學,AIDED,資助,TUNG WAH GROUP OF HOSPITALS LI CHI HO PRIMARY SCHOOL,東華三院李賜豪小學,WAN CHAI,灣仔區
PRIMARY,小學,AIDED,資助,S.K.H. ST. CLEMENT'S PRIMARY SCHOOL,聖公會聖紀文小學,SHAM SHUI PO,深水埗區
PRIMARY,小學,AIDED,資助,PO LEUNG KUK TIN KA PING PRIMARY SCHOOL,保良局田家炳小學,TAI PO,大埔區
PRIMARY,小學,AIDED,資助,CHO YIU CATHOLIC PRIMARY SCHOOL,祖堯天主教小學,KWAI TSING,葵青區
PRIMARY,小學,AIDED,資助,GENERAL CHAMBER OF COMMERCE & INDUSTRY OF THE TUNG KUN DISTRICT CHEONG WONG WAI PRIMARY SCHOOL,東莞工商總會張煌偉小學,SHA TIN,沙田區
PRIMARY,小學,AIDED,資助,KOWLOON CITY BAPTIST CHURCH HAY NIEN (YAN PING) PRIMARY SCHOOL,九龍城浸信會禧年(恩平)小學,SHA TIN,沙田區
PRIMARY,小學,AIDED,資助,PO LEUNG KUK CHAN YAT PRIMARY SCHOOL,保良局陳溢小學,KWAI TSING,葵青區
PRIMARY,小學,AIDED,資助,PO LEUNG KUK CHEE JING YIN PRIMARY SCHOOL,保良局朱正賢小學,SHA TIN,沙田區
PRIMARY,小學,AIDED,資助,S.K.H. ST. ANDREW'S PRIMARY SCHOOL,聖公會聖安德烈小學,SHAM SHUI PO,深水埗區
PRIMARY,小學,AIDED,資助,THE ASSOCIATION OF THE DIRECTORS AND FORMER DIRECTORS OF POK OI HOSPITAL LTD. LEUNG SING TAK SCHOOL,博愛醫院歷屆總理聯誼會梁省德學校,YUEN LONG,元朗區
PRIMARY,小學,AIDED,資助,HHCKLA BUDDHIST WISDOM PRIMARY SCHOOL,香海正覺蓮社佛教正慧小學,NORTH,北區
PRIMARY,小學,AIDED,資助,THE EVANGELICAL LUTHERAN CHURCH OF HONG KONG MA ON SHAN LUTHERAN PRIMARY SCHOOL,基督教香港信義會馬鞍山信義學校,SHA TIN,沙田區
PRIMARY,小學,AIDED,資助,CHIU YANG POR YEN PRIMARY SCHOOL,潮陽百欣小學,YUEN LONG,元朗區
PRIMARY,小學,AIDED,資助,S.K.H. CHAI WAN ST. MICHAEL'S PRIMARY SCHOOL,聖公會柴灣聖米迦勒小學,EASTERN,東區
PRIMARY,小學,AIDED,資助,S.K.H. KEI FOOK PRIMARY SCHOOL,聖公會基福小學,SHAM SHUI PO,深水埗區
PRIMARY,小學,AIDED,資助,SALESIAN YIP HON MILLENNIUM PRIMARY SCHOOL,慈幼葉漢千禧小學,KWAI TSING,葵青區
PRIMARY,小學,AIDED,資助,THE CHURCH OF CHRIST IN CHINA KEI WAI PRIMARY SCHOOL (MA WAN),中華基督教會基慧小學(馬灣),TSUEN WAN,荃灣區
PRIMARY,小學,AIDED,資助,ST ANDREW'S CATHOLIC PRIMARY SCHOOL,天主教聖安德肋小學,SAI KUNG,西貢區
PRIMARY,小學,AIDED,資助,AD&FD OF POK OI HOSPITAL MRS CHENG YAM ON MILLENNIUM SCHOOL,博愛醫院歷屆總理聯誼會鄭任安夫人千禧小學,TUEN MUN,屯門區
PRIMARY,小學,AIDED,資助,S.K.H. HOLY CROSS PRIMARY SCHOOL,聖公會聖十架小學,KOWLOON CITY,九龍城區
PRIMARY,小學,AIDED,資助,CONSERVATIVE BAPTIST LUI MING CHOI PRIMARY SCHOOL,浸信宣道會呂明才小學,KWUN TONG,觀塘區
PRIMARY,小學,AIDED,資助,HOI PING CHAMBER OF COMMERCE PRIMARY SCHOOL,旅港開平商會學校,SHAM SHUI PO,深水埗區
PRIMARY,小學,AIDED,資助,WONG TAI SIN CATHOLIC PRIMARY SCHOOL,黃大仙天主教小學,WONG TAI SIN,黃大仙區
PRIMARY,小學,AIDED,資助,CANOSSA PRIMARY SCHOOL (SAN PO KONG),嘉諾撒小學(新蒲崗),WONG TAI SIN,黃大仙區
PRIMARY,小學,AIDED,資助,CHOI WAN ST JOSEPH'S PRIMARY SCHOOL,彩雲聖若瑟小學,WONG TAI SIN,黃大仙區
PRIMARY,小學,AIDED,資助,FUK TAK EDUCATION SOCIETY PRIMARY SCHOOL,福德學社小學,NORTH,北區
PRIMARY,小學,AIDED,資助,SHAMSHUIPO KAIFONG WELFARE ASSOCIATION PRIMARY SCHOOL,深水埔街坊福利會小學,SHAM SHUI PO,深水埗區
PRIMARY,小學,AIDED,資助,GRANTHAM COLLEGE OF EDUCATION PAST STUDENTS' ASSOCIATION WHAMPOA PRIMARY SCHOOL,葛量洪校友會黃埔學校,KOWLOON CITY,九龍城區
PRIMARY,小學,AIDED,資助,TUNG WAH GROUP OF HOSPITALS SIN CHU WAN PRIMARY SCHOOL,東華三院冼次雲小學,SHA TIN,沙田區
PRIMARY,小學,AIDED,資助,CASTLE PEAK CATHOLIC PRIMARY SCHOOL,青山天主教小學,TUEN MUN,屯門區
PRIMARY,小學,AIDED,資助,MA ON SHAN ST. JOSEPH'S PRIMARY SCHOOL,馬鞍山聖若瑟小學,SHA TIN,沙田區
PRIMARY,小學,AIDED,資助,DR. CATHERINE F. WOO MEMORIAL SCHOOL,胡素貞博士紀念學校,SHA TIN,沙田區
PRIMARY,小學,AIDED,資助,KWAI-MING WU MEMORIAL SCHOOL OF THE PRECIOUS BLOOD,寶血會伍季明紀念學校,TSUEN WAN,荃灣區
PRIMARY,小學,AIDED,資助,LUNG KONG WORLD FEDERATION SCHOOL LIMITED LAU TAK YUNG MEMORIAL PRIMARY SCHOOL,世界龍岡學校劉德容紀念小學,TUEN MUN,屯門區
PRIMARY,小學,AIDED,資助,LUTHERAN TSANG SHING SIU LEUN SCHOOL,香港路德會增城兆霖學校,TUEN MUN,屯門區
PRIMARY,小學,AIDED,資助,FIVE DISTRICTS BUSINESS WELFARE ASSOCIATION CHOW CHIN YAU SCHOOL,五邑鄒振猷學校,TUEN MUN,屯門區
PRIMARY,小學,AIDED,資助,THE CHURCH OF CHRIST IN CHINA KEI WAI PRIMARY SCHOOL,中華基督教會基慧小學,TSUEN WAN,荃灣區
PRIMARY,小學,AIDED,資助,"ALLIANCE PRIMARY SCHOOL, SHEUNG SHUI",上水宣道小學,NORTH,北區
PRIMARY,小學,AIDED,資助,THE LITTLE FLOWER'S CATHOLIC PRIMARY SCHOOL,天主教聖華學校,SHA TIN,沙田區
PRIMARY,小學,AIDED,資助,WAI CHOW PUBLIC SCHOOL (SHEUNG SHUI),上水惠州公立學校,NORTH,北區
PRIMARY,小學,AIDED,資助,HHCKLA BUDDHIST CHAN SHI WAN PRIMARY SCHOOL,香海正覺蓮社佛教陳式宏學校,NORTH,北區
PRIMARY,小學,AIDED,資助,S.K.H. YAN LAAP PRIMARY SCHOOL,聖公會仁立小學,KWAI TSING,葵青區
PRIMARY,小學,AIDED,資助,HO SHUN PRIMARY SCHOOL (SPONSORED BY THE SIK SIK YUEN),嗇色園主辦可信學校,TSUEN WAN,荃灣區
PRIMARY,小學,AIDED,資助,HONG KONG TAOIST ASSOCIATION THE YUEN YUEN INSTITUTE SHEK WAI KOK PRIMARY SCHOOL,香港道教聯合會圓玄學院石圍角小學,TSUEN WAN,荃灣區
PRIMARY,小學,AIDED,資助,S.K.H. KOWLOON BAY KEI LOK PRIMARY SCHOOL,聖公會九龍灣基樂小學,KWUN TONG,觀塘區
PRIMARY,小學,AIDED,資助,TUNG WAH GROUP OF HOSPITALS TANG SHIU KIN PRIMARY SCHOOL,東華三院鄧肇堅小學,TUEN MUN,屯門區
PRIMARY,小學,AIDED,資助,PO LEUNG KUK MRS. CHAN NAM CHONG MEMORIAL PRIMARY SCHOOL,保良局陳南昌夫人小學,WONG TAI SIN,黃大仙區
PRIMARY,小學,AIDED,資助,PO LEUNG KUK LEUNG CHOW SHUN KAM PRIMARY SCHOOL,保良局梁周順琴小學,TUEN MUN,屯門區
PRIMARY,小學,AIDED,資助,QUEEN ELIZABETH SCHOOL OLD STUDENTS' ASSOCIATION BRANCH PRIMARY SCHOOL,伊利沙伯中學舊生會小學分校,YUEN LONG,元朗區
PRIMARY,小學,AIDED,資助,FONG SHU FOOK TONG FOUNDATION FONG SHU CHUEN PRIMARY SCHOOL,方樹福堂基金方樹泉小學,NORTH,北區
PRIMARY,小學,AIDED,資助,YAUMATI CATHOLIC PRIMARY SCHOOL (HOI WANG ROAD),油蔴地天主教小學(海泓道),YAU TSIM MONG,油尖旺區
PRIMARY,小學,AIDED,資助,PUN U ASSOCIATION WAH YAN PRIMARY SCHOOL,番禺會所華仁小學,EASTERN,東區
PRIMARY,小學,AIDED,資助,PUI LING SCHOOL OF THE PRECIOUS BLOOD,寶血會培靈學校,NORTH,北區
PRIMARY,小學,AIDED,資助,S.K.H. CHU OI PRIMARY SCHOOL,聖公會主愛小學,KWAI TSING,葵青區
PRIMARY,小學,AIDED,資助,THE CHURCH OF CHRIST IN CHINA HOH FUK TONG PRIMARY SCHOOL,中華基督教會何福堂小學,TUEN MUN,屯門區
PRIMARY,小學,AIDED,資助,SAI KUNG SUNG TSUN CATHOLIC SCHOOL (PRIMARY SECTION),西貢崇真天主教學校(小學部),SAI KUNG,西貢區
PRIMARY,小學,AIDED,資助,SAU MING PRIMARY SCHOOL,秀明小學,KWUN TONG,觀塘區
PRIMARY,小學,AIDED,資助,BUDDHIST CHI KING PRIMARY SCHOOL,佛教慈敬學校,KWUN TONG,觀塘區
PRIMARY,小學,AIDED,資助,BISHOP FORD MEMORIAL SCHOOL,福德學校,WONG TAI SIN,黃大仙區
PRIMARY,小學,AIDED,資助,TAIKOO PRIMARY SCHOOL,太古小學,EASTERN,東區
PRIMARY,小學,AIDED,資助,ELCHK HUNG HOM LUTHERAN PRIMARY SCHOOL,基督教香港信義會紅磡信義學校,KOWLOON CITY,九龍城區
PRIMARY,小學,AIDED,資助,ST CHARLES SCHOOL,聖嘉祿學校,CENTRAL AND WESTERN,中西區
PRIMARY,小學,AIDED,資助,CONFUCIAN TAI SHING PRIMARY SCHOOL,孔教學院大成小學,WONG TAI SIN,黃大仙區
PRIMARY,小學,AIDED,資助,TUNG WAH GROUP OF HOSPITALS HONG KONG & KOWLOON ELECTRICAL APPLIANCES MERCHANTS ASSOCIATION LTD. SCHOOL,東華三院港九電器商聯會小學,NORTH,北區
PRIMARY,小學,AIDED,資助,PO YAN OBLATE PRIMARY SCHOOL,獻主會溥仁小學,WONG TAI SIN,黃大仙區
PRIMARY,小學,AIDED,資助,TAI PO METHODIST SCHOOL,大埔循道衛理小學,TAI PO,大埔區
PRIMARY,小學,AIDED,資助,APLICHAU KAIFONG PRIMARY SCHOOL,鴨脷洲街坊學校,SOUTHERN,南區
PRIMARY,小學,AIDED,資助,BUDDHIST WING YAN SCHOOL,佛教榮茵學校,YUEN LONG,元朗區
PRIMARY,小學,AIDED,資助,EMMANUEL PRIMARY SCHOOL,靈光小學,TSUEN WAN,荃灣區
PRIMARY,小學,AIDED,資助,HOLY ANGELS CANOSSIAN SCHOOL,天神嘉諾撒學校,KOWLOON CITY,九龍城區
PRIMARY,小學,AIDED,資助,HOLY CROSS LUTHERAN SCHOOL,路德會聖十架學校,TSUEN WAN,荃灣區
PRIMARY,小學,AIDED,資助,HOLY FAMILY SCHOOL,聖家學校,ISLANDS,離島區
PRIMARY,小學,AIDED,資助,POK OI HOSPITAL CHAN KWOK WAI PRIMARY SCHOOL,博愛醫院陳國威小學,SAI KUNG,西貢區
PRIMARY,小學,AIDED,資助,TSZ WAN SHAN ST BONAVENTURE CATHOLIC PRIMARY SCHOOL,慈雲山聖文德天主教小學,WONG TAI SIN,黃大仙區
PRIMARY,小學,AIDED,資助,HOLY FAMILY CANOSSIAN SCHOOL,嘉諾撒聖家學校,KOWLOON CITY,九龍城區
PRIMARY,小學,AIDED,資助,CHRISTIAN & MISSIONARY ALLIANCE SUN KEI PRIMARY SCHOOL,基督教宣道會宣基小學,SAI KUNG,西貢區
PRIMARY,小學,AIDED,資助,TSUEN WAN CATHOLIC PRIMARY SCHOOL,荃灣天主教小學,TSUEN WAN,荃灣區
PRIMARY,小學,AIDED,資助,CHI LIN BUDDHIST PRIMARY SCHOOL,佛教志蓮小學,SAI KUNG,西貢區
PRIMARY,小學,AIDED,資助,KING'S COLLEGE OLD BOYS' ASSOCIATION PRIMARY SCHOOL NO. 2,英皇書院同學會小學第二校,CENTRAL AND WESTERN,中西區
PRIMARY,小學,AIDED,資助,TA KU LING LING YING PUBLIC SCHOOL,打鼓嶺嶺英公立學校,NORTH,北區
PRIMARY,小學,AIDED,資助,SACRED HEART OF MARY CATHOLIC PRIMARY SCHOOL,天主教聖母聖心小學,TAI PO,大埔區
PRIMARY,小學,AIDED,資助,TAK SUN SCHOOL,德信學校,YAU TSIM MONG,油尖旺區
PRIMARY,小學,AIDED,資助,TAI KOK TSUI CATHOLIC PRIMARY SCHOOL,大角嘴天主教小學,YAU TSIM MONG,油尖旺區
PRIMARY,小學,AIDED,資助,CANOSSA SCHOOL (HONG KONG),香港嘉諾撒學校,EASTERN,東區
PRIMARY,小學,AIDED,資助,GOOD COUNSEL CATHOLIC PRIMARY SCHOOL,天主教善導小學,SHAM SHUI PO,深水埗區
PRIMARY,小學,AIDED,資助,KING LAM CATHOLIC PRIMARY SCHOOL,景林天主教小學,SAI KUNG,西貢區
PRIMARY,小學,AIDED,資助,YAUMATI KAIFONG ASSOCIATION SCHOOL,油蔴地街坊會學校,YAU TSIM MONG,油尖旺區
PRIMARY,小學,AIDED,資助,OBLATE PRIMARY SCHOOL,獻主會小學,KOWLOON CITY,九龍城區
PRIMARY,小學,AIDED,資助,YUEN LONG LONG PING ESTATE TUNG KOON PRIMARY SCHOOL,元朗朗屏邨東莞學校,YUEN LONG,元朗區
PRIMARY,小學,AIDED,資助,PO LEUNG KUK FONG WONG KAM CHUEN PRIMARY SCHOOL,保良局方王錦全小學,TUEN MUN,屯門區
PRIMARY,小學,AIDED,資助,DIOCESAN PREPARATORY SCHOOL,拔萃小學,KOWLOON CITY,九龍城區
PRIMARY,小學,AIDED,資助,LOK SIN TONG LAU TAK PRIMARY SCHOOL,樂善堂劉德學校,SAI KUNG,西貢區
PRIMARY,小學,AIDED,資助,SHEK WU HUI PUBLIC SCHOOL,石湖墟公立學校,NORTH,北區
PRIMARY,小學,AIDED,資助,S.K.H. ST. JOSEPH'S PRIMARY SCHOOL,聖公會聖約瑟小學,YUEN LONG,元朗區
PRIMARY,小學,AIDED,資助,CHIU YANG PRIMARY SCHOOL OF HONG KONG,香港潮陽小學,YUEN LONG,元朗區
PRIMARY,小學,AIDED,資助,LING TO CATHOLIC PRIMARY SCHOOL,天主教領島學校,KOWLOON CITY,九龍城區
PRIMARY,小學,AIDED,資助,YAN TAK CATHOLIC PRIMARY SCHOOL,仁德天主教小學,TUEN MUN,屯門區
PRIMARY,小學,AIDED,資助,TIN SHUI WAI METHODIST PRIMARY SCHOOL,天水圍循道衞理小學,YUEN LONG,元朗區
PRIMARY,小學,AIDED,資助,SAU MAU PING CATHOLIC PRIMARY SCHOOL,秀茂坪天主教小學,KWUN TONG,觀塘區
PRIMARY,小學,AIDED,資助,MAN KIU ASSOCIATION PRIMARY SCHOOL,閩僑小學,KWUN TONG,觀塘區
PRIMARY,小學,AIDED,資助,LAM TIN METHODIST PRIMARY SCHOOL,藍田循道衛理小學,KWUN TONG,觀塘區
PRIMARY,小學,AIDED,資助,MARYKNOLL CONVENT SCHOOL (PRIMARY SECTION),瑪利諾修院學校(小學部),KOWLOON CITY,九龍城區
PRIMARY,小學,AIDED,資助,TUNG WAH GROUP OF HOSPITALS WONG SEE SUM PRIMARY SCHOOL,東華三院黃士心小學,KWAI TSING,葵青區
PRIMARY,小學,AIDED,資助,S.K.H. KEI HIN PRIMARY SCHOOL,聖公會基顯小學,KWUN TONG,觀塘區
PRIMARY,小學,AIDED,資助,SHUN TAK FRATERNAL ASSOCIATION HO YAT TUNG PRIMARY SCHOOL,順德聯誼總會何日東小學,TUEN MUN,屯門區
PRIMARY,小學,AIDED,資助,YAUMATI CATHOLIC PRIMARY SCHOOL,油蔴地天主教小學,YAU TSIM MONG,油尖旺區
PRIMARY,小學,AIDED,資助,HONG KONG AND MACAU LUTHERAN CHURCH PRIMARY SCHOOL,港澳信義會小學,SAI KUNG,西貢區
PRIMARY,小學,AIDED,資助,SHUN TAK FRATERNAL ASSOCIATION WU SIU KUI MEMORIAL PRIMARY SCHOOL,順德聯誼總會胡少渠紀念小學,TUEN MUN,屯門區
PRIMARY,小學,AIDED,資助,HEEP YUNN PRIMARY SCHOOL,協恩中學附屬小學,KOWLOON CITY,九龍城區
PRIMARY,小學,AIDED,資助,CHINESE METHODIST SCHOOL (NORTH POINT),北角循道學校,EASTERN,東區
PRIMARY,小學,AIDED,資助,HO MING PRIMARY SCHOOL (SPONSORED BY SIK SIK YUEN),嗇色園主辦可銘學校,YUEN LONG,元朗區
PRIMARY,小學,AIDED,資助,HHCKLA BUDDHIST CHING KOK LIN ASSOCIATION SCHOOL,香海正覺蓮社佛教正覺蓮社學校,NORTH,北區
PRIMARY,小學,AIDED,資助,FIVE DISTRICTS BUSINESS WELFARE ASSOCIATION SCHOOL,五邑工商總會學校,SHAM SHUI PO,深水埗區
PRIMARY,小學,AIDED,資助,HONG KONG RED SWASTIKA SOCIETY TUEN MUN PRIMARY SCHOOL,香港紅卍字會屯門卍慈小學,TUEN MUN,屯門區
PRIMARY,小學,AIDED,資助,"ALLIANCE PRIMARY SCHOOL, WHAMPOA",黃埔宣道小學,KOWLOON CITY,九龍城區
PRIMARY,小學,AIDED,資助,KOWLOON BAY ST. JOHN THE BAPTIST CATHOLIC PRIMARY SCHOOL,九龍灣聖若翰天主教小學,KWUN TONG,觀塘區
PRIMARY,小學,AIDED,資助,LIONS CLUBS INTERNATIONAL HO TAK SUM PRIMARY SCHOOL,獅子會何德心小學,YUEN LONG,元朗區
PRIMARY,小學,AIDED,資助,THE EVANGELICAL LUTHERAN CHURCH OF HONG KONG KWAI SHING LUTHERAN PRIMARY SCHOOL,基督教香港信義會葵盛信義學校,KWAI TSING,葵青區
PRIMARY,小學,AIDED,資助,TAI KOK TSUI CATHOLIC PRIMARY SCHOOL (HOI FAN ROAD),大角嘴天主教小學(海帆道),YAU TSIM MONG,油尖旺區
PRIMARY,小學,AIDED,資助,HONG KONG AND MACAU LUTHERAN CHURCH MING TAO PRIMARY SCHOOL,港澳信義會明道小學,SAI KUNG,西貢區
PRIMARY,小學,AIDED,資助,PO LEUNG KUK WONG WING SHU PRIMARY SCHOOL,保良局黃永樹小學,SAI KUNG,西貢區
PRIMARY,小學,AIDED,資助,SHAK CHUNG SHAN MEMORIAL CATHOLIC PRIMARY SCHOOL,天主教石鐘山紀念小學,TSUEN WAN,荃灣區
PRIMARY,小學,AIDED,資助,S.K.H. KA FUK WING CHUN PRIMARY SCHOOL,聖公會嘉福榮真小學,NORTH,北區
PRIMARY,小學,AIDED,資助,PO LEUNG KUK HORIZON EAST PRIMARY SCHOOL,保良局志豪小學,TUEN MUN,屯門區
PRIMARY,小學,AIDED,資助,PUI KIU PRIMARY SCHOOL,培僑小學,EASTERN,東區
PRIMARY,小學,AIDED,資助,YAN OI TONG TIN KA PING PRIMARY SCHOOL,仁愛堂田家炳小學,SAI KUNG,西貢區
PRIMARY,小學,AIDED,資助,SHARON LUTHERAN SCHOOL,路德會沙崙學校,YAU TSIM MONG,油尖旺區
PRIMARY,小學,AIDED,資助,LAICHIKOK CATHOLIC PRIMARY SCHOOL,荔枝角天主教小學,SHAM SHUI PO,深水埗區
PRIMARY,小學,AIDED,資助,ST. MARY'S CANOSSIAN SCHOOL,嘉諾撒聖瑪利學校,YAU TSIM MONG,油尖旺區
PRIMARY,小學,AIDED,資助,CHINESE Y.M.C.A. PRIMARY SCHOOL,中華基督教青年會小學,YUEN LONG,元朗區
PRIMARY,小學,AIDED,資助,TUNG KOON DISTRICT SOCIETY FONG SHU CHUEN SCHOOL,東莞同鄉會方樹泉學校,YAU TSIM MONG,油尖旺區
PRIMARY,小學,AIDED,資助,S.K.H. HOLY CARPENTER PRIMARY SCHOOL,聖公會聖匠小學,KOWLOON CITY,九龍城區
PRIMARY,小學,AIDED,資助,THE CHURCH OF CHRIST IN CHINA WANCHAI CHURCH KEI TO PRIMARY SCHOOL,中華基督教會灣仔堂基道小學,YAU TSIM MONG,油尖旺區
PRIMARY,小學,AIDED,資助,TUNG WAH GROUP OF HOSPITALS WONG YEE JAR JAT MEMORIAL PRIMARY SCHOOL,東華三院王余家潔紀念小學,SAI KUNG,西貢區
PRIMARY,小學,AIDED,資助,CHAN'S CREATIVE SCHOOL (HONG KONG ISLAND),啓基學校(港島),EASTERN,東區
PRIMARY,小學,AIDED,資助,KING'S COLLEGE OLD BOYS' ASSOCIATION PRIMARY SCHOOL,英皇書院同學會小學,CENTRAL AND WESTERN,中西區
PRIMARY,小學,AIDED,資助,MA ON SHAN LING LIANG PRIMARY SCHOOL,馬鞍山靈糧小學,SHA TIN,沙田區
PRIMARY,小學,AIDED,資助,S.K.H. LUI MING CHOI MEMORIAL PRIMARY SCHOOL,聖公會呂明才紀念小學,CENTRAL AND WESTERN,中西區
PRIMARY,小學,AIDED,資助,THE YUEN YUEN INSTITUTE CHAN KWOK CHIU HING TAK PRIMARY SCHOOL,圓玄學院陳國超興德小學,TUEN MUN,屯門區
PRIMARY,小學,AIDED,資助,S.K.H. HOLY SPIRIT PRIMARY SCHOOL,聖公會主風小學,SHA TIN,沙田區
PRIMARY,小學,AIDED,資助,"CHRISTIAN ALLIANCE H.C. CHAN PRIMARY SCHOOL OF THE KOWLOON TONG CHURCH OF THE CHINESE CHRISTIAN AND MISSIONARY ALLIANCE, HONG KONG",香港九龍塘基督教中華宣道會陳元喜小學,SHA TIN,沙田區
PRIMARY,小學,AIDED,資助,YUEN LONG PO KOK PRIMARY SCHOOL,元朗寶覺小學,YUEN LONG,元朗區
PRIMARY,小學,AIDED,資助,ST. PAUL'S PRIMARY CATHOLIC SCHOOL,聖保祿天主教小學,WAN CHAI,灣仔區
PRIMARY,小學,AIDED,資助,PO LEUNG KUK VICWOOD K.T. CHONG NO.2 PRIMARY SCHOOL,保良局莊啓程第二小學,TUEN MUN,屯門區
PRIMARY,小學,AIDED,資助,LOK SIN TONG LEUNG WONG WAI FONG MEMORIAL SCHOOL,樂善堂梁黃蕙芳紀念學校,TUEN MUN,屯門區
PRIMARY,小學,AIDED,資助,S.K.H. ST. TIMOTHY'S PRIMARY SCHOOL,聖公會聖提摩太小學,KOWLOON CITY,九龍城區
PRIMARY,小學,AIDED,資助,CHAN SUI KI (LA SALLE) PRIMARY SCHOOL,陳瑞祺(喇沙)小學,KOWLOON CITY,九龍城區
PRIMARY,小學,AIDED,資助,THE CHURCH OF CHRIST IN CHINA WANCHAI CHURCH KEI TO PRIMARY SCHOOL (KOWLOON CITY),中華基督教會灣仔堂基道小學(九龍城),KOWLOON CITY,九龍城區
PRIMARY,小學,AIDED,資助,IMMACULATE HEART OF MARY SCHOOL,聖母無玷聖心學校,SHA TIN,沙田區
PRIMARY,小學,AIDED,資助,YAN CHAI HOSPITAL HO SIK NAM PRIMARY SCHOOL,仁濟醫院何式南小學,TUEN MUN,屯門區
PRIMARY,小學,AIDED,資助,SHA TAU KOK CENTRAL PRIMARY SCHOOL,沙頭角中心小學,NORTH,北區
PRIMARY,小學,AIDED,資助,S.K.H. FUNG KEI MILLENNIUM PRIMARY SCHOOL,聖公會奉基千禧小學,KOWLOON CITY,九龍城區
PRIMARY,小學,AIDED,資助,TSZ WAN SHAN CATHOLIC PRIMARY SCHOOL,慈雲山天主教小學,WONG TAI SIN,黃大仙區
PRIMARY,小學,AIDED,資助,S.K.H. ST. MICHAEL'S PRIMARY SCHOOL,聖公會聖米迦勒小學,EASTERN,東區
PRIMARY,小學,AIDED,資助,LA SALLE PRIMARY SCHOOL,喇沙小學,KOWLOON CITY,九龍城區
PRIMARY,小學,AIDED,資助,TWGHS TSOI WING SING PRIMARY SCHOOL,東華三院蔡榮星小學,SHA TIN,沙田區
PRIMARY,小學,AIDED,資助,THE SALVATION ARMY CENTALINE CHARITY FUND QUEEN'S HILL SCHOOL,救世軍中原慈善基金皇后山學校,NORTH,北區
PRIMARY,小學,AIDED,資助,TWGHS TSENG HIN PEI PRIMARY SCHOOL,東華三院曾憲備小學,NORTH,北區
PRIMARY,小學,AIDED,資助,IU SHAN SCHOOL,耀山學校,KOWLOON CITY,九龍城區
SECONDARY,中學,CAPUT,按位津貼,UNITED CHRISTIAN COLLEGE,滙基書院,SHAM SHUI PO,深水埗區
SECONDARY,中學,CAPUT,按位津貼,S.K.H. ALL SAINTS' MIDDLE SCHOOL,聖公會諸聖中學,YAU TSIM MONG,油尖旺區
SECONDARY,中學,AIDED,資助,CNEC LEE I YAO MEMORIAL SECONDARY SCHOOL,中華傳道會李賢堯紀念中學,KWAI TSING,葵青區
SECONDARY,中學,AIDED,資助,THE METHODIST CHURCH HONG KONG WESLEY COLLEGE,衞理中學,EASTERN,東區
SECONDARY,中學,AIDED,資助,THE CHURCH OF CHRIST IN CHINA KEI CHI SECONDARY SCHOOL,中華基督教會基智中學,KWUN TONG,觀塘區
SECONDARY,中學,AIDED,資助,MARYKNOLL SECONDARY SCHOOL,瑪利諾中學,KWUN TONG,觀塘區
SECONDARY,中學,AIDED,資助,FUKIEN SECONDARY SCHOOL (SIU SAI WAN),福建中學(小西灣),EASTERN,東區
SECONDARY,中學,AIDED,資助,BUDDHIST WONG FUNG LING COLLEGE,佛教黃鳳翎中學,WAN CHAI,灣仔區
SECONDARY,中學,AIDED,資助,"WAH YAN COLLEGE, HONG KONG",香港華仁書院,WAN CHAI,灣仔區
SECONDARY,中學,AIDED,資助,PO LEUNG KUK TANG YUK TIEN COLLEGE,保良局董玉娣中學,TUEN MUN,屯門區
SECONDARY,中學,AIDED,資助,TSUEN WAN PUBLIC HO CHUEN YIU MEMORIAL COLLEGE,荃灣公立何傳耀紀念中學,TSUEN WAN,荃灣區
SECONDARY,中學,AIDED,資助,YING WA GIRLS' SCHOOL,英華女學校,CENTRAL AND WESTERN,中西區
SECONDARY,中學,AIDED,資助,SHENG KUNG HUI KEI HAU SECONDARY SCHOOL,聖公會基孝中學,KWUN TONG,觀塘區
SECONDARY,中學,AIDED,資助,TUNG WAH GROUP OF HOSPITALS S.C. GAW MEMORIAL COLLEGE,東華三院吳祥川紀念中學,KWAI TSING,葵青區
SECONDARY,中學,AIDED,資助,YAN OI TONG CHAN WONG SUK FONG MEMORIAL SECONDARY SCHOOL,仁愛堂陳黃淑芳紀念中學,TUEN MUN,屯門區
SECONDARY,中學,AIDED,資助,PO LEUNG KUK CENTENARY LI SHIU CHUNG MEMORIAL COLLEGE,保良局百周年李兆忠紀念中學,TUEN MUN,屯門區
SECONDARY,中學,AIDED,資助,PO LEUNG KUK NO.1 W.H. CHEUNG COLLEGE,保良局第一張永慶中學,WONG TAI SIN,黃大仙區
SECONDARY,中學,AIDED,資助,THE TRUE LIGHT SCHOOL OF HONG KONG,香港真光中學,WAN CHAI,灣仔區
SECONDARY,中學,AIDED,資助,BETHEL HIGH SCHOOL,伯特利中學,YUEN LONG,元朗區
SECONDARY,中學,AIDED,資助,CARITAS WU CHENG-CHUNG COLLEGE,明愛胡振中書院,ISLANDS,離島區
SECONDARY,中學,AIDED,資助,CARITAS FANLING CHAN CHUN HA SECONDARY SCHOOL,明愛粉嶺陳震夏中學,NORTH,北區
SECONDARY,中學,AIDED,資助,BAPTIST LUI MING CHOI SECONDARY SCHOOL,浸信會呂明才中學,SHA TIN,沙田區
SECONDARY,中學,AIDED,資助,MARYKNOLL CONVENT SCHOOL (SECONDARY SECTION),瑪利諾修院學校(中學部),KOWLOON CITY,九龍城區
SECONDARY,中學,AIDED,資助,TUNG CHUNG CATHOLIC SCHOOL,東涌天主教學校,ISLANDS,離島區
SECONDARY,中學,AIDED,資助,CHRISTIAN ALLIANCE S W CHAN MEMORIAL COLLEGE,宣道會陳朱素華紀念中學,NORTH,北區
SECONDARY,中學,AIDED,資助,PUI CHING MIDDLE SCHOOL,香港培正中學,KOWLOON CITY,九龍城區
SECONDARY,中學,AIDED,資助,TEXTILE INSTITUTE AMERICAN CHAMBER OF COMMERCE WOO HON FAI SECONDARY SCHOOL,紡織學會美國商會胡漢輝中學,TSUEN WAN,荃灣區
SECONDARY,中學,AIDED,資助,BUDDHIST SUM HEUNG LAM MEMORIAL COLLEGE,佛教沈香林紀念中學,TUEN MUN,屯門區
SECONDARY,中學,AIDED,資助,PO LEUNG KUK C.W. CHU COLLEGE,保良局朱敬文中學,SHA TIN,沙田區
SECONDARY,中學,AIDED,資助,CHRISTIAN & MISSIONARY ALLIANCE SUN KEI SECONDARY SCHOOL,基督教宣道會宣基中學,SAI KUNG,西貢區
SECONDARY,中學,AIDED,資助,FUNG KAI NO.1 SECONDARY SCHOOL,鳳溪第一中學,NORTH,北區
SECONDARY,中學,AIDED,資助,CARMEL BUNNAN TONG MEMORIAL SECONDARY SCHOOL,迦密唐賓南紀念中學,TUEN MUN,屯門區
SECONDARY,中學,AIDED,資助,DAUGHTERS OF MARY HELP OF CHRISTIANS SIU MING CATHOLIC SECONDARY SCHOOL,天主教母佑會蕭明中學,KWAI TSING,葵青區
SECONDARY,中學,AIDED,資助,LIONS CLUBS INTERNATIONAL TSEUNG CHUI KING COLLEGE,獅子會蔣翠琼中學,KWAI TSING,葵青區
SECONDARY,中學,AIDED,資助,SHA TIN METHODIST COLLEGE,沙田循道衞理中學,SHA TIN,沙田區
SECONDARY,中學,AIDED,資助,KWOK TAK SENG CATHOLIC SECONDARY SCHOOL,天主教郭得勝中學,SHA TIN,沙田區
SECONDARY,中學,AIDED,資助,SHATIN PUI YING COLLEGE,沙田培英中學,SHA TIN,沙田區
SECONDARY,中學,AIDED,資助,ST. STEPHEN'S CHURCH COLLEGE,聖士提反堂中學,CENTRAL AND WESTERN,中西區
SECONDARY,中學,AIDED,資助,CARITAS CHAI WAN MARDEN FOUNDATION SECONDARY SCHOOL,明愛柴灣馬登基金中學,EASTERN,東區
SECONDARY,中學,AIDED,資助,ST. PETER'S SECONDARY SCHOOL,聖伯多祿中學,SOUTHERN,南區
SECONDARY,中學,AIDED,資助,"CHENG CHEK CHEE SECONDARY SCHOOL OF SAI KUNG AND HANG HAU DISTRICT, N.T.",新界西貢坑口區鄭植之中學,SAI KUNG,西貢區
SECONDARY,中學,AIDED,資助,IMMACULATE HEART OF MARY COLLEGE,聖母無玷聖心書院,SHA TIN,沙田區
SECONDARY,中學,AIDED,資助,SHEK LEI CATHOLIC SECONDARY SCHOOL,石籬天主教中學,KWAI TSING,葵青區
SECONDARY,中學,AIDED,資助,LINGNAN DR. CHUNG WING KWONG MEMORIAL SECONDARY SCHOOL,嶺南鍾榮光博士紀念中學,KWAI TSING,葵青區
SECONDARY,中學,AIDED,資助,TACK CHING GIRLS' SECONDARY SCHOOL,德貞女子中學,SHAM SHUI PO,深水埗區
SECONDARY,中學,AIDED,資助,TUNG WAH GROUP OF HOSPITALS LO KON TING MEMORIAL COLLEGE,東華三院盧幹庭紀念中學,YUEN LONG,元朗區
SECONDARY,中學,AIDED,資助,SHENG KUNG HUI BISHOP BAKER SECONDARY SCHOOL,聖公會白約翰會督中學,YUEN LONG,元朗區
SECONDARY,中學,AIDED,資助,MA KAM MING CHARITABLE FOUNDATION MA CHAN DUEN HEY MEMORIAL COLLEGE,馬錦明慈善基金馬陳端喜紀念中學,SAI KUNG,西貢區
SECONDARY,中學,AIDED,資助,KWAI CHUNG METHODIST COLLEGE,葵涌循道中學,KWAI TSING,葵青區
SECONDARY,中學,AIDED,資助,YAN CHAI HOSPITAL TUNG CHI YING MEMORIAL SECONDARY SCHOOL,仁濟醫院董之英紀念中學,SHA TIN,沙田區
SECONDARY,中學,AIDED,資助,THE CHURCH OF CHRIST IN CHINA FONG YUN WAH SECONDARY SCHOOL,中華基督教會方潤華中學,YUEN LONG,元朗區
SECONDARY,中學,AIDED,資助,CARMEL DIVINE GRACE FOUNDATION SECONDARY SCHOOL,迦密主恩中學,SAI KUNG,西貢區
SECONDARY,中學,AIDED,資助,THE HONG KONG SZE YAP COMMERCIAL & INDUSTRIAL ASSOCIATION WONG TAI SHAN MEMORIAL COLLEGE,香港四邑商工總會黃棣珊紀念中學,SHAM SHUI PO,深水埗區
SECONDARY,中學,AIDED,資助,CATHOLIC MING YUEN SECONDARY SCHOOL,天主教鳴遠中學,SAI KUNG,西貢區
SECONDARY,中學,AIDED,資助,CUMBERLAND PRESBYTERIAN CHURCH YAO DAO SECONDARY SCHOOL,金巴崙長老會耀道中學,YUEN LONG,元朗區
SECONDARY,中學,AIDED,資助,SHENG KUNG HUI TSANG SHIU TIM SECONDARY SCHOOL,聖公會曾肇添中學,SHA TIN,沙田區
SECONDARY,中學,AIDED,資助,MARYMOUNT SECONDARY SCHOOL,瑪利曼中學,WAN CHAI,灣仔區
SECONDARY,中學,AIDED,資助,YUEN LONG PUBLIC MIDDLE SCHOOL ALUMNI ASSOCIATION TANG SIU TONG SECONDARY SCHOOL,元朗公立中學校友會鄧兆棠中學,YUEN LONG,元朗區
SECONDARY,中學,AIDED,資助,ASSEMBLY OF GOD HEBRON SECONDARY SCHOOL,神召會康樂中學,TAI PO,大埔區
SECONDARY,中學,AIDED,資助,CHRISTIAN NATIONALS' EVANGELISM COMMISSION LAU WING SANG SECONDARY SCHOOL,中華傳道會劉永生中學,EASTERN,東區
SECONDARY,中學,AIDED,資助,LOCK TAO SECONDARY SCHOOL,樂道中學,SHA TIN,沙田區
SECONDARY,中學,AIDED,資助,KOWLOON TRUE LIGHT SCHOOL,九龍真光中學,KOWLOON CITY,九龍城區
SECONDARY,中學,AIDED,資助,BUDDHIST WONG WAN TIN COLLEGE,佛教黃允畋中學,SHA TIN,沙田區
SECONDARY,中學,AIDED,資助,PUI SHING CATHOLIC SECONDARY SCHOOL,天主教培聖中學,YUEN LONG,元朗區
SECONDARY,中學,AIDED,資助,HONG KONG TAOIST ASSOCIATION THE YUEN YUEN INSTITUTE NO.2 SECONDARY SCHOOL,香港道教聯合會圓玄學院第二中學,TAI PO,大埔區
SECONDARY,中學,AIDED,資助,SHENG KUNG HUI LAM KAU MOW SECONDARY SCHOOL,聖公會林裘謀中學,SHA TIN,沙田區
SECONDARY,中學,AIDED,資助,SKH HOLY CARPENTER SECONDARY SCHOOL,聖公會聖匠中學,KOWLOON CITY,九龍城區
SECONDARY,中學,AIDED,資助,VALTORTA COLLEGE,恩主教書院,TAI PO,大埔區
SECONDARY,中學,AIDED,資助,PO LEUNG KUK WU CHUNG COLLEGE,保良局胡忠中學,SHA TIN,沙田區
SECONDARY,中學,AIDED,資助,KAU YAN COLLEGE,救恩書院,TAI PO,大埔區
SECONDARY,中學,AIDED,資助,POK OI HOSPITAL CHAN KAI MEMORIAL COLLEGE,博愛醫院陳楷紀念中學,SHA TIN,沙田區
SECONDARY,中學,AIDED,資助,THE CHURCH OF CHRIST IN CHINA KEI YUEN COLLEGE,中華基督教會基元中學,YUEN LONG,元朗區
SECONDARY,中學,AIDED,資助,ST. FRANCIS' CANOSSIAN COLLEGE,嘉諾撒聖方濟各書院,WAN CHAI,灣仔區
SECONDARY,中學,AIDED,資助,HONG KONG TAOIST ASSOCIATION TANG HIN MEMORIAL SECONDARY SCHOOL,香港道教聯合會鄧顯紀念中學,NORTH,北區
SECONDARY,中學,AIDED,資助,"CHRISTIAN ALLIANCE CHENG WING GEE COLLEGE OF THE KOWLOON TONG CHURCH OF THE CHINESE CHRISTIAN AND MISSIONARY ALLIANCE, HONG KONG",香港九龍塘基督教中華宣道會鄭榮之中學,SHA TIN,沙田區
SECONDARY,中學,AIDED,資助,TUNG WAH GROUP OF HOSPITALS YOW KAM YUEN COLLEGE,東華三院邱金元中學,SHA TIN,沙田區
SECONDARY,中學,AIDED,資助,HOLY TRINITY COLLEGE,寶血會上智英文書院,SHAM SHUI PO,深水埗區
SECONDARY,中學,AIDED,資助,TOI SHAN ASSOCIATION COLLEGE,台山商會中學,SHA TIN,沙田區
SECONDARY,中學,AIDED,資助,NEW ASIA MIDDLE SCHOOL,新亞中學,KOWLOON CITY,九龍城區
SECONDARY,中學,AIDED,資助,YAN CHAI HOSPITAL WONG WHA SAN SECONDARY SCHOOL,仁濟醫院王華湘中學,SAI KUNG,西貢區
SECONDARY,中學,AIDED,資助,LING LIANG CHURCH M H LAU SECONDARY SCHOOL,靈糧堂劉梅軒中學,TAI PO,大埔區
SECONDARY,中學,AIDED,資助,LUNG KONG WORLD FEDERATION SCHOOL LIMITED LAU WONG FAT SECONDARY SCHOOL,世界龍岡學校劉皇發中學,YAU TSIM MONG,油尖旺區
SECONDARY,中學,AIDED,資助,TUNG WAH GROUP OF HOSPITALS LUI YUN CHOY MEMORIAL COLLEGE,東華三院呂潤財紀念中學,SAI KUNG,西貢區
SECONDARY,中學,AIDED,資助,YAN CHAI HOSPITAL LAN CHI PAT MEMORIAL SECONDARY SCHOOL,仁濟醫院靚次伯紀念中學,SAI KUNG,西貢區
SECONDARY,中學,AIDED,資助,ST. FRANCIS XAVIER'S COLLEGE,聖芳濟書院,YAU TSIM MONG,油尖旺區
SECONDARY,中學,AIDED,資助,ELCHK LUTHERAN SECONDARY SCHOOL,基督教香港信義會信義中學,YAU TSIM MONG,油尖旺區
SECONDARY,中學,AIDED,資助,SHUN TAK FRATERNAL ASSOCIATION SEAWARD WOO COLLEGE,順德聯誼總會胡兆熾中學,KOWLOON CITY,九龍城區
SECONDARY,中學,AIDED,資助,TANG KING PO SCHOOL,鄧鏡波學校,KOWLOON CITY,九龍城區
SECONDARY,中學,AIDED,資助,GERTRUDE SIMON LUTHERAN COLLEGE,路德會西門英才中學,YUEN LONG,元朗區
SECONDARY,中學,AIDED,資助,WELLINGTON EDUCATION ORGANIZATION CHANG PUI CHUNG MEMORIAL SCHOOL,威靈頓教育機構張沛松紀念中學,SAI KUNG,西貢區
SECONDARY,中學,AIDED,資助,BUDDHIST YIP KEI NAM MEMORIAL COLLEGE,佛教葉紀南紀念中學,KWAI TSING,葵青區
SECONDARY,中學,AIDED,資助,THE CHURCH OF CHRIST IN CHINA MING KEI COLLEGE,中華基督教會銘基書院,YAU TSIM MONG,油尖旺區
SECONDARY,中學,AIDED,資助,CNEC CHRISTIAN COLLEGE,中華傳道會安柱中學,KWAI TSING,葵青區
SECONDARY,中學,AIDED,資助,PUI TAK CANOSSIAN COLLEGE,嘉諾撒培德書院,SOUTHERN,南區
SECONDARY,中學,AIDED,資助,LA SALLE COLLEGE,喇沙書院,KOWLOON CITY,九龍城區
SECONDARY,中學,AIDED,資助,YUEN LONG MERCHANTS ASSOCIATION SECONDARY SCHOOL,元朗商會中學,YUEN LONG,元朗區
SECONDARY,中學,AIDED,資助,PO KOK SECONDARY SCHOOL,寶覺中學,SAI KUNG,西貢區
SECONDARY,中學,AIDED,資助,THE CHURCH OF CHRIST IN CHINA KEI LONG COLLEGE,中華基督教會基朗中學,YUEN LONG,元朗區
SECONDARY,中學,AIDED,資助,HO NGAI COLLEGE (SPONSORED BY SIK SIK YUEN),嗇色園主辦可藝中學,TUEN MUN,屯門區
SECONDARY,中學,AIDED,資助,JU CHING CHU SECONDARY SCHOOL (TUEN MUN),裘錦秋中學﹝屯門﹞,TUEN MUN,屯門區
SECONDARY,中學,AIDED,資助,SAN WUI COMMERCIAL SOCIETY SECONDARY SCHOOL,新會商會中學,TUEN MUN,屯門區
SECONDARY,中學,AIDED,資助,YAN PING INDUSTRIAL & COMMERCIAL ASSOCIATION LEE LIM MING COLLEGE,恩平工商會李琳明中學,TUEN MUN,屯門區
SECONDARY,中學,AIDED,資助,YING WA GIRLS' SCHOOL,英華女學校,CENTRAL AND WESTERN,中西區
SECONDARY,中學,AIDED,資助,SHENG KUNG HUI BISHOP MOK SAU TSENG SECONDARY SCHOOL,聖公會莫壽增會督中學,TAI PO,大埔區
SECONDARY,中學,AIDED,資助,PUI YING SECONDARY SCHOOL,培英中學,SOUTHERN,南區
SECONDARY,中學,AIDED,資助,CONCORDIA LUTHERAN SCHOOL,路德會協同中學,SHAM SHUI PO,深水埗區
SECONDARY,中學,AIDED,資助,TUNG WAH GROUP OF HOSPITALS KAP YAN DIRECTORS' COLLEGE,東華三院甲寅年總理中學,NORTH,北區
SECONDARY,中學,AIDED,資助,TUNG WAH GROUP OF HOSPITALS CHEN ZAO MEN COLLEGE,東華三院陳兆民中學,KWAI TSING,葵青區
SECONDARY,中學,AIDED,資助,SALESIANS OF DON BOSCO NG SIU MUI SECONDARY SCHOOL,天主教慈幼會伍少梅中學,KWAI TSING,葵青區
SECONDARY,中學,AIDED,資助,TIN SHUI WAI METHODIST COLLEGE,天水圍循道衞理中學,YUEN LONG,元朗區
SECONDARY,中學,AIDED,資助,NG WAH CATHOLIC SECONDARY SCHOOL,天主教伍華中學,WONG TAI SIN,黃大仙區
SECONDARY,中學,AIDED,資助,BUDDHIST HUNG SEAN CHAU MEMORIAL COLLEGE,佛教孔仙洲紀念中學,WONG TAI SIN,黃大仙區
SECONDARY,中學,AIDED,資助,JOCKEY CLUB TI-I COLLEGE,賽馬會體藝中學,SHA TIN,沙田區
SECONDARY,中學,AIDED,資助,CHONG GENE HANG COLLEGE,張振興伉儷書院,EASTERN,東區
SECONDARY,中學,AIDED,資助,SHUN TAK FRATERNAL ASSOCIATION YUNG YAU COLLEGE,順德聯誼總會翁祐中學,YUEN LONG,元朗區
SECONDARY,中學,AIDED,資助,TSANG PIK SHAN (SUNG LAN) SECONDARY SCHOOL,曾璧山(崇蘭)中學,SHA TIN,沙田區
SECONDARY,中學,AIDED,資助,SHENG KUNG HUI ST. BENEDICT'S SCHOOL,聖公會聖本德中學,WONG TAI SIN,黃大仙區
SECONDARY,中學,AIDED,資助,HONG KONG SHENG KUNG HUI BISHOP HALL SECONDARY SCHOOL,香港聖公會何明華會督中學,KWUN TONG,觀塘區
SECONDARY,中學,AIDED,資助,HONG KONG CHINESE WOMEN'S CLUB COLLEGE,香港中國婦女會中學,EASTERN,東區
SECONDARY,中學,AIDED,資助,ST. JOSEPH'S COLLEGE,聖若瑟書院,CENTRAL AND WESTERN,中西區
SECONDARY,中學,AIDED,資助,TAK NGA SECONDARY SCHOOL,德雅中學,SHAM SHUI PO,深水埗區
SECONDARY,中學,AIDED,資助,YAN CHAI HOSPITAL LAW CHAN CHOR SI COLLEGE,仁濟醫院羅陳楚思中學,KWUN TONG,觀塘區
SECONDARY,中學,AIDED,資助,POOI TO MIDDLE SCHOOL,香港培道中學,KOWLOON CITY,九龍城區
SECONDARY,中學,AIDED,資助,THE ASSOCIATION OF DIRECTORS & FORMER DIRECTORS OF POK OI HOSPITAL LTD. LEUNG SING TAK COLLEGE,博愛醫院歷屆總理聯誼會梁省德中學,TSUEN WAN,荃灣區
SECONDARY,中學,AIDED,資助,NEWMAN CATHOLIC COLLEGE,天主教新民書院,YAU TSIM MONG,油尖旺區
SECONDARY,中學,AIDED,資助,SHENG KUNG HUI HOLY TRINITY CHURCH SECONDARY SCHOOL,聖公會聖三一堂中學,KOWLOON CITY,九龍城區
SECONDARY,中學,AIDED,資助,GENERAL CHAMBER OF COMMERCE AND INDUSTRY OF THE TUNG KUN DISTRICT LAU PAK LOK SECONDARY SCHOOL,東莞工商總會劉百樂中學,SHA TIN,沙田區
SECONDARY,中學,AIDED,資助,HO LAP COLLEGE (SPONSORED BY THE SIK SIK YUEN),可立中學(嗇色園主辦),WONG TAI SIN,黃大仙區
SECONDARY,中學,AIDED,資助,ST. ANTONIUS GIRLS' COLLEGE,聖安當女書院,KWUN TONG,觀塘區
SECONDARY,中學,AIDED,資助,BUDDHIST TAI HUNG COLLEGE,佛教大雄中學,SHAM SHUI PO,深水埗區
SECONDARY,中學,AIDED,資助,LINGNAN HANG YEE MEMORIAL SECONDARY SCHOOL,嶺南衡怡紀念中學,EASTERN,東區
SECONDARY,中學,AIDED,資助,SHENG KUNG HUI TSOI KUNG PO SECONDARY SCHOOL,聖公會蔡功譜中學,KOWLOON CITY,九龍城區
SECONDARY,中學,AIDED,資助,ST. JOAN OF ARC SECONDARY SCHOOL,聖貞德中學,EASTERN,東區
SECONDARY,中學,AIDED,資助,SALESIAN ENGLISH SCHOOL,慈幼英文學校,EASTERN,東區
SECONDARY,中學,AIDED,資助,TUNG WAH GROUP OF HOSPITALS WONG FUT NAM COLLEGE,東華三院黃笏南中學,KOWLOON CITY,九龍城區
SECONDARY,中學,AIDED,資助,OUR LADY OF THE ROSARY COLLEGE,聖母玫瑰書院,SHAM SHUI PO,深水埗區
SECONDARY,中學,AIDED,資助,SHUN TAK FRATERNAL ASSOCIATION LEUNG KAU KUI COLLEGE,順德聯誼總會梁銶琚中學,TUEN MUN,屯門區
SECONDARY,中學,AIDED,資助,S.K.H. ST. MARY'S CHURCH MOK HING YIU COLLEGE,聖公會聖馬利亞堂莫慶堯中學,SHAM SHUI PO,深水埗區
SECONDARY,中學,AIDED,資助,CARMEL SECONDARY SCHOOL,迦密中學,KOWLOON CITY,九龍城區
SECONDARY,中學,AIDED,資助,ST. TERESA SECONDARY SCHOOL,德蘭中學,KOWLOON CITY,九龍城區
SECONDARY,中學,AIDED,資助,BUDDHIST MAU FUNG MEMORIAL COLLEGE,佛教茂峰法師紀念中學,YUEN LONG,元朗區
SECONDARY,中學,AIDED,資助,METHODIST COLLEGE,循道中學,YAU TSIM MONG,油尖旺區
SECONDARY,中學,AIDED,資助,BISHOP HALL JUBILEE SCHOOL,何明華會督銀禧中學,KOWLOON CITY,九龍城區
SECONDARY,中學,AIDED,資助,PO LEUNG KUK TONG NAI KAN JUNIOR SECONDARY COLLEGE,保良局唐乃勤初中書院,SHAM SHUI PO,深水埗區
SECONDARY,中學,AIDED,資助,LINGNAN SECONDARY SCHOOL,嶺南中學,EASTERN,東區
SECONDARY,中學,AIDED,資助,PRECIOUS BLOOD SECONDARY SCHOOL,寶血女子中學,EASTERN,東區
SECONDARY,中學,AIDED,資助,TUNG WAH GROUP OF HOSPITALS KWOK YAT WAI COLLEGE,東華三院郭一葦中學,YUEN LONG,元朗區
SECONDARY,中學,AIDED,資助,THE CHURCH OF CHRIST IN CHINA ROTARY SECONDARY SCHOOL,中華基督教會扶輪中學,WONG TAI SIN,黃大仙區
SECONDARY,中學,AIDED,資助,JU CHING CHU SECONDARY SCHOOL (KWAI CHUNG),裘錦秋中學(葵涌),KWAI TSING,葵青區
SECONDARY,中學,AIDED,資助,CMA SECONDARY SCHOOL,廠商會中學,SHAM SHUI PO,深水埗區
SECONDARY,中學,AIDED,資助,TUNG WAH GROUP OF HOSPITALS C.Y. MA MEMORIAL COLLEGE,東華三院馬振玉紀念中學,YUEN LONG,元朗區
SECONDARY,中學,AIDED,資助,LUI MING CHOI LUTHERAN COLLEGE,路德會呂明才中學,TSUEN WAN,荃灣區
SECONDARY,中學,AIDED,資助,CONFUCIAN TAI SHING HO KWOK PUI CHUN COLLEGE,孔教學院大成何郭佩珍中學,TAI PO,大埔區
SECONDARY,中學,AIDED,資助,SACRED HEART CANOSSIAN COLLEGE,嘉諾撒聖心書院,SOUTHERN,南區
SECONDARY,中學,AIDED,資助,KIT SAM LAM BING YIM SECONDARY SCHOOL,潔心林炳炎中學,WONG TAI SIN,黃大仙區
SECONDARY,中學,AIDED,資助,LOK SIN TONG LEUNG KAU KUI COLLEGE,樂善堂梁銶琚書院,CENTRAL AND WESTERN,中西區
SECONDARY,中學,AIDED,資助,THE CHURCH OF CHRIST IN CHINA KEI HEEP SECONDARY SCHOOL,中華基督教會基協中學,WONG TAI SIN,黃大仙區
SECONDARY,中學,AIDED,資助,THE HONG KONG CHINESE WOMEN'S CLUB FUNG YIU KING MEMORIAL SECONDARY SCHOOL,香港中國婦女會馮堯敬紀念中學,SHA TIN,沙田區
SECONDARY,中學,AIDED,資助,ST. PAUL'S SECONDARY SCHOOL,聖保祿中學,WAN CHAI,灣仔區
SECONDARY,中學,AIDED,資助,HO FUNG COLLEGE (SPONSORED BY THE SIK SIK YUEN),可風中學(嗇色園主辦),TSUEN WAN,荃灣區
SECONDARY,中學,AIDED,資助,CARITAS CHAN CHUN HA FIELD STUDIES CENTRE,明愛陳震夏郊野學園,ISLANDS,離島區
SECONDARY,中學,AIDED,資助,S.K.H. LAM WOO MEMORIAL SECONDARY SCHOOL,聖公會林護紀念中學,KWAI TSING,葵青區
SECONDARY,中學,AIDED,資助,HONG KONG SEA SCHOOL,香港航海學校,SOUTHERN,南區
SECONDARY,中學,AIDED,資助,CHI LIN BUDDHIST SECONDARY SCHOOL,佛教志蓮中學,WONG TAI SIN,黃大仙區
SECONDARY,中學,AIDED,資助,THE HONG KONG MANAGEMENT ASSOCIATION K. S. LO COLLEGE,香港管理專業協會羅桂祥中學,YUEN LONG,元朗區
SECONDARY,中學,AIDED,資助,"WAH YAN COLLEGE, KOWLOON",華仁書院(九龍),YAU TSIM MONG,油尖旺區
SECONDARY,中學,AIDED,資助,THE HONG KONG TAOIST ASSOCIATION THE YUEN YUEN INSTITUTE NO. 3 SECONDARY SCHOOL,香港道教聯合會圓玄學院第三中學,SAI KUNG,西貢區
SECONDARY,中學,AIDED,資助,YUEN LONG CATHOLIC SECONDARY SCHOOL,元朗天主教中學,YUEN LONG,元朗區
SECONDARY,中學,AIDED,資助,THE CHURCH OF CHRIST IN CHINA YENCHING COLLEGE,中華基督教會燕京書院,KWAI TSING,葵青區
SECONDARY,中學,AIDED,資助,ST. MARK'S SCHOOL,聖馬可中學,EASTERN,東區
SECONDARY,中學,AIDED,資助,CHUNG SING BENEVOLENT SOCIETY MRS. AW BOON HAW SECONDARY SCHOOL,鐘聲慈善社胡陳金枝中學,TUEN MUN,屯門區
SECONDARY,中學,AIDED,資助,SING YIN SECONDARY SCHOOL,聖言中學,KWUN TONG,觀塘區
SECONDARY,中學,AIDED,資助,FORTRESS HILL METHODIST SECONDARY SCHOOL,炮台山循道衛理中學,EASTERN,東區
SECONDARY,中學,AIDED,資助,HOLY FAMILY CANOSSIAN COLLEGE,嘉諾撒聖家書院,KOWLOON CITY,九龍城區
SECONDARY,中學,AIDED,資助,HOI PING CHAMBER OF COMMERCE SECONDARY SCHOOL,旅港開平商會中學,KOWLOON CITY,九龍城區
SECONDARY,中學,AIDED,資助,COTTON SPINNERS ASSOCIATION SECONDARY SCHOOL,棉紡會中學,KWAI TSING,葵青區
SECONDARY,中學,AIDED,資助,POK OI HOSPITAL 80TH ANNIVERSARY TANG YING HEI COLLEGE,博愛醫院八十週年鄧英喜中學,SAI KUNG,西貢區
SECONDARY,中學,AIDED,資助,YU CHUN KEUNG MEMORIAL COLLEGE,余振強紀念中學,KOWLOON CITY,九龍城區
SECONDARY,中學,AIDED,資助,LAI CHACK MIDDLE SCHOOL,麗澤中學,YAU TSIM MONG,油尖旺區
SECONDARY,中學,AIDED,資助,RAIMONDI COLLEGE,高主教書院,CENTRAL AND WESTERN,中西區
SECONDARY,中學,AIDED,資助,HHCKLA BUDDHIST CHING KOK SECONDARY SCHOOL,香海正覺蓮社佛教正覺中學,SAI KUNG,西貢區
SECONDARY,中學,AIDED,資助,NLSI PEACE EVANGELICAL SECONDARY SCHOOL,新生命教育協會平安福音中學,TUEN MUN,屯門區
SECONDARY,中學,AIDED,資助,HONG KONG AND KOWLOON KAIFONG WOMEN'S ASSOCIATION SUN FONG CHUNG COLLEGE,港九街坊婦女會孫方中書院,TAI PO,大埔區
SECONDARY,中學,AIDED,資助,TUNG WAH GROUP OF HOSPITALS LI KA SHING COLLEGE,東華三院李嘉誠中學,NORTH,北區
SECONDARY,中學,AIDED,資助,PO LEUNG KUK VICWOOD K.T. CHONG SIXTH FORM COLLEGE,保良局莊啓程預科書院,YAU TSIM MONG,油尖旺區
SECONDARY,中學,AIDED,資助,TRUE LIGHT GIRLS' COLLEGE,真光女書院,YAU TSIM MONG,油尖旺區
SECONDARY,中學,AIDED,資助,THE CHURCH OF CHRIST IN CHINA KEI SAN SECONDARY SCHOOL,中華基督教會基新中學,NORTH,北區
SECONDARY,中學,AIDED,資助,THE HONG KONG S.Y.C. & I.A. CHAN NAM CHONG MEMORIAL COLLEGE,香港四邑商工總會陳南昌紀念中學,KWAI TSING,葵青區
SECONDARY,中學,AIDED,資助,THE METHODIST LEE WAI LEE COLLEGE,李惠利中學,KWAI TSING,葵青區
SECONDARY,中學,AIDED,資助,PO LEUNG KUK MA KAM MING COLLEGE,保良局馬錦明中學,NORTH,北區
SECONDARY,中學,AIDED,資助,SAI KUNG SUNG TSUN CATHOLIC SCHOOL (SECONDARY SECTION),西貢崇真天主教學校(中學部),SAI KUNG,西貢區
SECONDARY,中學,AIDED,資助,ST. PAUL'S SCHOOL (LAM TIN),藍田聖保祿中學,KWUN TONG,觀塘區
SECONDARY,中學,AIDED,資助,SHENG KUNG HUI LUI MING CHOI SECONDARY SCHOOL,聖公會呂明才中學,SOUTHERN,南區
SECONDARY,中學,AIDED,資助,TUNG WAH GROUP OF HOSPITALS WONG FUNG LING COLLEGE,東華三院黃鳳翎中學,SHA TIN,沙田區
SECONDARY,中學,AIDED,資助,PO LEUNG KUK LEE SHING PIK COLLEGE,保良局李城璧中學,TSUEN WAN,荃灣區
SECONDARY,中學,AIDED,資助,HO KOON NATURE EDUCATION CUM ASTRONOMICAL CENTRE,可觀自然教育中心暨天文館,TSUEN WAN,荃灣區
SECONDARY,中學,AIDED,資助,NING PO NO.2 COLLEGE,寧波第二中學,KWUN TONG,觀塘區
SECONDARY,中學,AIDED,資助,HONG KONG & KOWLOON CHIU CHOW PUBLIC ASSOCIATION SECONDARY SCHOOL,港九潮州公會中學,YAU TSIM MONG,油尖旺區
SECONDARY,中學,AIDED,資助,CARMEL HOLY WORD SECONDARY SCHOOL,迦密聖道中學,TAI PO,大埔區
SECONDARY,中學,AIDED,資助,CUHK FAA CHAN CHUN HA SECONDARY SCHOOL,香港中文大學校友會聯會陳震夏中學,SHA TIN,沙田區
SECONDARY,中學,AIDED,資助,S.K.H. ST. SIMON'S LUI MING CHOI SECONDARY SCHOOL,聖公會聖西門呂明才中學,TUEN MUN,屯門區
SECONDARY,中學,AIDED,資助,SHUN LEE CATHOLIC SECONDARY SCHOOL,順利天主教中學,KWUN TONG,觀塘區
SECONDARY,中學,AIDED,資助,MADAM LAU KAM LUNG SECONDARY SCHOOL OF MIU FAT BUDDHIST MONASTERY,妙法寺劉金龍中學,TUEN MUN,屯門區
SECONDARY,中學,AIDED,資助,DE LA SALLE SECONDARY SCHOOL N T,新界喇沙中學,NORTH,北區
SECONDARY,中學,AIDED,資助,KWUN TONG MARYKNOLL COLLEGE,觀塘瑪利諾書院,KWUN TONG,觀塘區
SECONDARY,中學,AIDED,資助,CANOSSA COLLEGE,嘉諾撒書院,EASTERN,東區
SECONDARY,中學,AIDED,資助,NEW LIFE SCHOOLS INCORPORATION LUI KWOK PAT FONG COLLEGE,新生命教育協會呂郭碧鳳中學,KWUN TONG,觀塘區
SECONDARY,中學,AIDED,資助,ST. JOSEPH'S ANGLO-CHINESE SCHOOL,聖若瑟英文中學,KWUN TONG,觀塘區
SECONDARY,中學,AIDED,資助,THE CHURCH OF CHRIST IN CHINA CHUEN YUEN COLLEGE,中華基督教會全完中學,KWAI TSING,葵青區
SECONDARY,中學,AIDED,資助,PAOC KA CHI SECONDARY SCHOOL,加拿大神召會嘉智中學,TUEN MUN,屯門區
SECONDARY,中學,AIDED,資助,OUR LADY'S COLLEGE,聖母書院,WONG TAI SIN,黃大仙區
SECONDARY,中學,AIDED,資助,THE CHURCH OF CHRIST IN CHINA MING YIN COLLEGE,中華基督教會銘賢書院,SHAM SHUI PO,深水埗區
SECONDARY,中學,AIDED,資助,ISLAMIC KASIM TUET MEMORIAL COLLEGE,伊斯蘭脫維善紀念中學,EASTERN,東區
SECONDARY,中學,AIDED,資助,TUNG WAH GROUP OF HOSPITALS YAU TZE TIN MEMORIAL COLLEGE,東華三院邱子田紀念中學,TUEN MUN,屯門區
SECONDARY,中學,AIDED,資助,ELEGANTIA COLLEGE (SPONSORED BY EDUCATION CONVERGENCE),風采中學(教育評議會主辦),NORTH,北區
SECONDARY,中學,AIDED,資助,THE CHURCH OF CHRIST IN CHINA HOH FUK TONG COLLEGE,中華基督教會何福堂書院,TUEN MUN,屯門區
SECONDARY,中學,AIDED,資助,TUNG WAH GROUP OF HOSPITALS MRS FUNG WONG FUNG TING COLLEGE,東華三院馮黃鳳亭中學,SHA TIN,沙田區
SECONDARY,中學,AIDED,資助,KIANGSU-CHEKIANG COLLEGE (SHATIN),沙田蘇浙公學,SHA TIN,沙田區
SECONDARY,中學,AIDED,資助,HONG KONG TAOIST ASSOCIATION THE YUEN YUEN INSTITUTE NO.1 SECONDARY SCHOOL,香港道教聯合會圓玄學院第一中學,KWAI TSING,葵青區
SECONDARY,中學,AIDED,資助,KIANGSU-CHEKIANG COLLEGE (KWAI CHUNG),葵涌蘇浙公學,KWAI TSING,葵青區
SECONDARY,中學,AIDED,資助,CARMEL PAK U SECONDARY SCHOOL,迦密柏雨中學,TAI PO,大埔區
SECONDARY,中學,AIDED,資助,LOK SIN TONG KU CHIU MAN SECONDARY SCHOOL,樂善堂顧超文中學,KWAI TSING,葵青區
SECONDARY,中學,AIDED,資助,CARITAS YUEN LONG CHAN CHUN HA SECONDARY SCHOOL,明愛元朗陳震夏中學,YUEN LONG,元朗區
SECONDARY,中學,AIDED,資助,ST STEPHEN'S GIRLS' COLLEGE,聖士提反女子中學,CENTRAL AND WESTERN,中西區
SECONDARY,中學,AIDED,資助,CARITAS TUEN MUN MARDEN FOUNDATION SECONDARY SCHOOL,明愛屯門馬登基金中學,TUEN MUN,屯門區
SECONDARY,中學,AIDED,資助,THE CHURCH OF CHRIST IN CHINA TAM LEE LAI FUN MEMORIAL SECONDARY SCHOOL,中華基督教會譚李麗芬紀念中學,TUEN MUN,屯門區
SECONDARY,中學,AIDED,資助,BUDDHIST HO NAM KAM COLLEGE,佛教何南金中學,KWUN TONG,觀塘區
SECONDARY,中學,AIDED,資助,HONG KONG WEAVING MILLS ASSOCIATION CHU SHEK LUN SECONDARY SCHOOL,香港布廠商會朱石麟中學,KWUN TONG,觀塘區
SECONDARY,中學,AIDED,資助,CHEUNG CHUK SHAN COLLEGE,張祝珊英文中學,EASTERN,東區
SECONDARY,中學,AIDED,資助,HONG KONG AND MACAU LUTHERAN CHURCH QUEEN MAUD SECONDARY SCHOOL,港澳信義會慕德中學,SAI KUNG,西貢區
SECONDARY,中學,AIDED,資助,CHOI HUNG ESTATE CATHOLIC SECONDARY SCHOOL,彩虹邨天主教英文中學,WONG TAI SIN,黃大仙區
SECONDARY,中學,AIDED,資助,WA YING COLLEGE,華英中學,KOWLOON CITY,九龍城區
SECONDARY,中學,AIDED,資助,THE MISSION COVENANT CHURCH HOLM GLAD COLLEGE,基督教聖約教會堅樂中學,KWUN TONG,觀塘區
SECONDARY,中學,AIDED,資助,HKFEW WONG CHO BAU SECONDARY SCHOOL,香港教育工作者聯會黃楚標中學,ISLANDS,離島區
SECONDARY,中學,AIDED,資助,THE SALVATION ARMY WILLIAM BOOTH SECONDARY SCHOOL,救世軍卜維廉中學,WONG TAI SIN,黃大仙區
SECONDARY,中學,AIDED,資助,THE CHURCH OF CHRIST IN CHINA HEEP WOH COLLEGE,中華基督教會協和書院,WONG TAI SIN,黃大仙區
SECONDARY,中學,AIDED,資助,CUHK FEDERATION OF ALUMNI ASSOCIATIONS THOMAS CHEUNG SECONDARY SCHOOL,香港中文大學校友會聯會張煊昌中學,YUEN LONG,元朗區
SECONDARY,中學,AIDED,資助,SHATIN TSUNG TSIN SECONDARY SCHOOL,沙田崇真中學,SHA TIN,沙田區
SECONDARY,中學,AIDED,資助,PO LEUNG KUK YAO LING SUN COLLEGE,保良局姚連生中學,TSUEN WAN,荃灣區
SECONDARY,中學,AIDED,資助,TUNG WAH GROUP OF HOSPITALS MRS. WU YORK YU MEMORIAL COLLEGE,東華三院伍若瑜夫人紀念中學,KWAI TSING,葵青區
SECONDARY,中學,AIDED,資助,THE CHURCH OF CHRIST IN CHINA MONG MAN WAI COLLEGE,中華基督教會蒙民偉書院,KWUN TONG,觀塘區
SECONDARY,中學,AIDED,資助,PO LEUNG KUK MRS MA KAM MING-CHEUNG FOOK SIEN COLLEGE,保良局馬錦明夫人章馥仙中學,ISLANDS,離島區
SECONDARY,中學,AIDED,資助,HO YU COLLEGE AND PRIMARY SCHOOL (SPONSORED BY SIK SIK YUEN),嗇色園主辦可譽中學暨可譽小學,ISLANDS,離島區
SECONDARY,中學,AIDED,資助,YAN CHAI HOSPITAL LIM POR YEN SECONDARY SCHOOL,仁濟醫院林百欣中學,TSUEN WAN,荃灣區
SECONDARY,中學,AIDED,資助,POK OI HOSPITAL TANG PUI KING MEMORIAL COLLEGE,博愛醫院鄧佩瓊紀念中學,YUEN LONG,元朗區
SECONDARY,中學,AIDED,資助,SHAP PAT HEUNG RURAL COMMITTEE KUNG YIK SHE SECONDARY SCHOOL,十八鄉鄉事委員會公益社中學,YUEN LONG,元朗區
SECONDARY,中學,AIDED,資助,LOK SIN TONG LEUNG CHIK WAI MEMORIAL SCHOOL,樂善堂梁植偉紀念中學,KWAI TSING,葵青區
SECONDARY,中學,AIDED,資助,SHUN TAK FRATERNAL ASSOCIATION LEE SHAU KEE COLLEGE,順德聯誼總會李兆基中學,KWAI TSING,葵青區
SECONDARY,中學,AIDED,資助,CARITAS CHONG YUET MING SECONDARY SCHOOL,明愛莊月明中學,SOUTHERN,南區
SECONDARY,中學,AIDED,資助,QUEEN'S COLLEGE OLD BOYS' ASSOCIATION SECONDARY SCHOOL,皇仁舊生會中學,KWAI TSING,葵青區
SECONDARY,中學,AIDED,資助,ST. BONAVENTURE COLLEGE AND HIGH SCHOOL,聖文德書院,WONG TAI SIN,黃大仙區
SECONDARY,中學,AIDED,資助,MAN KIU COLLEGE,閩僑中學,EASTERN,東區
SECONDARY,中學,AIDED,資助,CHIU CHOW ASSOCIATION SECONDARY SCHOOL,潮州會館中學,SHA TIN,沙田區
SECONDARY,中學,AIDED,資助,CHAN SUI KI (LA SALLE) COLLEGE,陳瑞祺(喇沙)書院,KOWLOON CITY,九龍城區
SECONDARY,中學,AIDED,資助,COGNITIO COLLEGE (HONG KONG),文理書院(香港),EASTERN,東區
SECONDARY,中學,AIDED,資助,TIN KA PING SECONDARY SCHOOL,田家炳中學,NORTH,北區
SECONDARY,中學,AIDED,資助,LOK SIN TONG YOUNG KO HSIAO LIN SECONDARY SCHOOL,樂善堂楊葛小琳中學,SHA TIN,沙田區
SECONDARY,中學,AIDED,資助,SAN WUI COMMERCIAL SOCIETY CHAN PAK SHA SCHOOL,新會商會陳白沙紀念中學,SOUTHERN,南區
SECONDARY,中學,AIDED,資助,SHENG KUNG HUI LI PING SECONDARY SCHOOL,聖公會李炳中學,TSUEN WAN,荃灣區
SECONDARY,中學,AIDED,資助,S.K.H. LEUNG KWAI YEE SECONDARY SCHOOL,聖公會梁季彜中學,KWUN TONG,觀塘區
SECONDARY,中學,AIDED,資助,JU CHING CHU SECONDARY SCHOOL (YUEN LONG),裘錦秋中學(元朗),YUEN LONG,元朗區
SECONDARY,中學,AIDED,資助,PO LEUNG KUK HO YUK CHING (1984) COLLEGE,保良局甲子何玉清中學,SAI KUNG,西貢區
SECONDARY,中學,AIDED,資助,THE CHURCH OF CHRIST IN CHINA KWEI WAH SHAN COLLEGE,中華基督教會桂華山中學,EASTERN,東區
SECONDARY,中學,AIDED,資助,HENRIETTA SECONDARY SCHOOL,顯理中學,EASTERN,東區
SECONDARY,中學,AIDED,資助,PO LEUNG KUK LO KIT SING (1983) COLLEGE,保良局羅傑承(一九八三)中學,KWAI TSING,葵青區
SECONDARY,中學,AIDED,資助,CARITAS CHAN CHUN HA FIELD STUDIES CENTRE,明愛陳震夏郊野學園,ISLANDS,離島區
SECONDARY,中學,AIDED,資助,HO DAO COLLEGE (SPONSORED BY SIK SIK YUEN),可道中學(嗇色園主辦),YUEN LONG,元朗區
SECONDARY,中學,AIDED,資助,ABERDEEN BAPTIST LUI MING CHOI COLLEGE,香港仔浸信會呂明才書院,SOUTHERN,南區
SECONDARY,中學,AIDED,資助,HONG KONG TRUE LIGHT COLLEGE,香港真光書院,SOUTHERN,南區
SECONDARY,中學,AIDED,資助,STEWARDS POOI TUN SECONDARY SCHOOL,香港神託會培敦中學,WONG TAI SIN,黃大仙區
SECONDARY,中學,AIDED,資助,ABERDEEN TECHNICAL SCHOOL,香港仔工業學校,SOUTHERN,南區
SECONDARY,中學,AIDED,資助,PENTECOSTAL SCHOOL,五旬節中學,KOWLOON CITY,九龍城區
SECONDARY,中學,AIDED,資助,KOWLOON TONG SCHOOL (SECONDARY SECTION),九龍塘學校(中學部),KOWLOON CITY,九龍城區
SECONDARY,中學,AIDED,資助,ST. STEPHEN'S CHURCH COLLEGE,聖士提反堂中學,CENTRAL AND WESTERN,中西區
SECONDARY,中學,AIDED,資助,HONG KONG TANG KING PO COLLEGE,香港鄧鏡波書院,WAN CHAI,灣仔區
SECONDARY,中學,AIDED,資助,SHUNG TAK CATHOLIC ENGLISH COLLEGE,天主教崇德英文書院,YUEN LONG,元朗區
SECONDARY,中學,AIDED,資助,HHCKLA BUDDHIST LEUNG CHIK WAI COLLEGE,香海正覺蓮社佛教梁植偉中學,TUEN MUN,屯門區
SECONDARY,中學,AIDED,資助,SHENG KUNG HUI TANG SHIU KIN SECONDARY SCHOOL,聖公會鄧肇堅中學,WAN CHAI,灣仔區
SECONDARY,中學,AIDED,資助,THE PENTECOSTAL HOLINESS CHURCH WING KWONG COLLEGE,五旬節聖潔會永光書院,WONG TAI SIN,黃大仙區
SECONDARY,中學,AIDED,資助,S.K.H. CHAN YOUNG SECONDARY SCHOOL,聖公會陳融中學,NORTH,北區
SECONDARY,中學,AIDED,資助,HONG KONG RED SWASTIKA SOCIETY TAI PO SECONDARY SCHOOL,香港紅卍字會大埔卍慈中學,TAI PO,大埔區
SECONDARY,中學,AIDED,資助,LIU PO SHAN MEMORIAL COLLEGE,廖寶珊紀念書院,TSUEN WAN,荃灣區
SECONDARY,中學,AIDED,資助,BUDDHIST TAI KWONG CHI HONG COLLEGE,佛教大光慈航中學,TAI PO,大埔區
SECONDARY,中學,AIDED,資助,MA ON SHAN TSUNG TSIN SECONDARY SCHOOL,馬鞍山崇真中學,SHA TIN,沙田區
SECONDARY,中學,AIDED,資助,ST. FRANCIS OF ASSISI'S COLLEGE,聖芳濟各書院,NORTH,北區
SECONDARY,中學,AIDED,資助,SHUN TAK FRATERNAL ASSOCIATION TAM PAK YU COLLEGE,順德聯誼總會譚伯羽中學,TUEN MUN,屯門區
SECONDARY,中學,AIDED,資助,BUDDHIST KOK KWONG SECONDARY SCHOOL,佛教覺光法師中學,SHA TIN,沙田區
SECONDARY,中學,AIDED,資助,THE EVANGELICAL LUTHERAN CHURCH OF HONG KONG YUEN LONG LUTHERAN SECONDARY SCHOOL,基督教香港信義會元朗信義中學,YUEN LONG,元朗區
SECONDARY,中學,AIDED,資助,THE HONG KONG TAOIST ASSOCIATION CHING CHUNG SECONDARY SCHOOL,香港道教聯合會青松中學,KWUN TONG,觀塘區
SECONDARY,中學,AIDED,資助,CHING CHUNG HAU PO WOON SECONDARY SCHOOL,青松侯寶垣中學,TUEN MUN,屯門區
SECONDARY,中學,AIDED,資助,THE CHURCH OF CHRIST IN CHINA FUNG LEUNG KIT MEMORIAL SECONDARY SCHOOL,中華基督教會馮梁結紀念中學,TAI PO,大埔區
SECONDARY,中學,AIDED,資助,STEWARDS MA KAM MING CHARITABLE FOUNDATION MA KO PAN MEMORIAL COLLEGE,馬錦明慈善基金馬可賓紀念中學,TUEN MUN,屯門區
SECONDARY,中學,AIDED,資助,SEMPLE MEMORIAL SECONDARY SCHOOL,深培中學,TUEN MUN,屯門區
SECONDARY,中學,AIDED,資助,HONG KONG TEACHERS' ASSOCIATION LEE HENG KWEI SECONDARY SCHOOL,香港教師會李興貴中學,TAI PO,大埔區
SECONDARY,中學,AIDED,資助,CHINA HOLINESS CHURCH LIVING SPIRIT COLLEGE,中華聖潔會靈風中學,TAI PO,大埔區
SECONDARY,中學,AIDED,資助,LEUNG SHEK CHEE COLLEGE,梁式芝書院,KWUN TONG,觀塘區
SECONDARY,中學,AIDED,資助,LEE KAU YAN MEMORIAL SCHOOL,李求恩紀念中學,WONG TAI SIN,黃大仙區
SECONDARY,中學,AIDED,資助,CHRIST COLLEGE,基督書院,SHA TIN,沙田區
SECONDARY,中學,AIDED,資助,PENTECOSTAL LAM HON KWONG SCHOOL,五旬節林漢光中學,SHA TIN,沙田區
SECONDARY,中學,AIDED,資助,PO CHIU CATHOLIC SECONDARY SCHOOL,天主教普照中學,KWUN TONG,觀塘區
SECONDARY,中學,AIDED,資助,BAPTIST WING LUNG SECONDARY SCHOOL,浸信會永隆中學,TUEN MUN,屯門區
SECONDARY,中學,AIDED,資助,FANLING RHENISH CHURCH SECONDARY SCHOOL,粉嶺禮賢會中學,NORTH,北區
SECONDARY,中學,AIDED,資助,ST. LOUIS SCHOOL,聖類斯中學,CENTRAL AND WESTERN,中西區
SECONDARY,中學,AIDED,資助,TSUNG TSIN COLLEGE,崇真書院,TUEN MUN,屯門區
SECONDARY,中學,AIDED,資助,LING LIANG CHURCH E WUN SECONDARY SCHOOL,靈糧堂怡文中學,ISLANDS,離島區
SECONDARY,中學,AIDED,資助,FUNG KAI LIU MAN SHEK TONG SECONDARY SCHOOL,鳳溪廖萬石堂中學,NORTH,北區
SECONDARY,中學,AIDED,資助,PO LEUNG KUK CELINE HO YAM TONG COLLEGE,保良局何蔭棠中學,WONG TAI SIN,黃大仙區
SECONDARY,中學,AIDED,資助,ST. CLARE'S GIRLS' SCHOOL,聖嘉勒女書院,CENTRAL AND WESTERN,中西區
SECONDARY,中學,AIDED,資助,TUNG WAH GROUP OF HOSPITALS MR & MRS KWONG SIK KWAN COLLEGE,東華三院鄺錫坤伉儷中學,TUEN MUN,屯門區
SECONDARY,中學,AIDED,資助,ST. ROSE OF LIMA'S COLLEGE,聖羅撒書院,SHA TIN,沙田區
SECONDARY,中學,AIDED,資助,MA ON SHAN ST. JOSEPH'S SECONDARY SCHOOL,馬鞍山聖若瑟中學,SHA TIN,沙田區
SECONDARY,中學,AIDED,資助,PO ON COMMERCIAL ASSOCIATION WONG SIU CHING SECONDARY SCHOOL,寶安商會王少清中學,TSUEN WAN,荃灣區
SECONDARY,中學,AIDED,資助,YU CHUN KEUNG MEMORIAL COLLEGE NO. 2,余振強紀念第二中學,SOUTHERN,南區
SECONDARY,中學,AIDED,資助,LOK SIN TONG WONG CHUNG MING SECONDARY SCHOOL,樂善堂王仲銘中學,WONG TAI SIN,黃大仙區
SECONDARY,中學,AIDED,資助,CARITAS ST. JOSEPH SECONDARY SCHOOL,明愛聖若瑟中學,KWAI TSING,葵青區
SECONDARY,中學,AIDED,資助,LUI CHEUNG KWONG LUTHERAN COLLEGE,路德會呂祥光中學,TUEN MUN,屯門區
SECONDARY,中學,AIDED,資助,TUNG WAH GROUP OF HOSPITALS CHANG MING THIEN COLLEGE,東華三院張明添中學,SHAM SHUI PO,深水埗區
SECONDARY,中學,AIDED,資助,TUNG WAH GROUP OF HOSPITALS SUN HOI DIRECTORS' COLLEGE,東華三院辛亥年總理中學,TUEN MUN,屯門區
SECONDARY,中學,AIDED,資助,CHRISTIAN ALLIANCE S. C. CHAN MEMORIAL COLLEGE,香港九龍塘基督教中華宣道會陳瑞芝紀念中學,TUEN MUN,屯門區
SECONDARY,中學,AIDED,資助,CARMEL ALISON LAM FOUNDATION SECONDARY SCHOOL,迦密愛禮信中學,KWAI TSING,葵青區
SECONDARY,中學,AIDED,資助,LOK SIN TONG YU KAN HING SECONDARY SCHOOL,樂善堂余近卿中學,WONG TAI SIN,黃大仙區
SECONDARY,中學,AIDED,資助,"ST. FRANCIS XAVIER'S SCHOOL, TSUEN WAN",荃灣聖芳濟中學,TSUEN WAN,荃灣區
SECONDARY,中學,AIDED,資助,ST. CATHARINE'S SCHOOL FOR GIRLS,聖傑靈女子中學,KWUN TONG,觀塘區
SECONDARY,中學,AIDED,資助,TUNG WAH GROUP OF HOSPITALS LEE CHING DEA MEMORIAL COLLEGE,東華三院李潤田紀念中學,WAN CHAI,灣仔區
SECONDARY,中學,AIDED,資助,CONCORDIA LUTHERAN SCHOOL - NORTH POINT,北角協同中學,WAN CHAI,灣仔區
SECONDARY,中學,AIDED,資助,THE Y.W.C.A. HIOE TJO YOENG COLLEGE,基督教女青年會丘佐榮中學,KOWLOON CITY,九龍城區
SECONDARY,中學,AIDED,資助,THE YUEN YUEN INSTITUTE MFBM NEI MING CHAN LUI CHUNG TAK MEMORIAL COLLEGE,圓玄學院妙法寺內明陳呂重德紀念中學,YUEN LONG,元朗區
SECONDARY,中學,AIDED,資助,MARYKNOLL FATHERS' SCHOOL,瑪利諾神父教會學校,SHAM SHUI PO,深水埗區
SECONDARY,中學,AIDED,資助,SALEM-IMMANUEL LUTHERAN COLLEGE,南亞路德會沐恩中學,TAI PO,大埔區
SECONDARY,中學,AIDED,資助,FANLING KAU YAN COLLEGE,粉嶺救恩書院,NORTH,北區
SECONDARY,中學,AIDED,資助,YAN OI TONG TIN KA PING SECONDARY SCHOOL,仁愛堂田家炳中學,TUEN MUN,屯門區
SECONDARY,中學,AIDED,資助,WONG SHIU CHI SECONDARY SCHOOL,王肇枝中學,TAI PO,大埔區
SECONDARY,中學,AIDED,資助,SKH LI FOOK HING SECONDARY SCHOOL,聖公會李福慶中學,EASTERN,東區
SECONDARY,中學,AIDED,資助,YAN CHAI HOSPITAL NO. 2 SECONDARY SCHOOL,仁濟醫院第二中學,TUEN MUN,屯門區
SECONDARY,中學,AIDED,資助,CHEUNG SHA WAN CATHOLIC SECONDARY SCHOOL,長沙灣天主教英文中學,SHAM SHUI PO,深水埗區
SECONDARY,中學,AIDED,資助,POPE PAUL VI COLLEGE,保祿六世書院,KWAI TSING,葵青區
SECONDARY,中學,AIDED,資助,CMA CHOI CHEUNG KOK SECONDARY SCHOOL,廠商會蔡章閣中學,TUEN MUN,屯門區
SECONDARY,中學,AIDED,資助,BUDDHIST SIN TAK COLLEGE,佛教善德英文中學,KWAI TSING,葵青區
SECONDARY,中學,AIDED,資助,NG YUK SECONDARY SCHOOL,五育中學,SHA TIN,沙田區
SECONDARY,中學,AIDED,資助,CARITAS MA ON SHAN SECONDARY SCHOOL,明愛馬鞍山中學,SHA TIN,沙田區
SECONDARY,中學,AIDED,資助,NAM WAH CATHOLIC SECONDARY SCHOOL,天主教南華中學,SHAM SHUI PO,深水埗區
SECONDARY,中學,AIDED,資助,NING PO COLLEGE,寧波公學,KWUN TONG,觀塘區
SECONDARY,中學,AIDED,資助,KING LING COLLEGE,景嶺書院,SAI KUNG,西貢區
SECONDARY,中學,AIDED,資助,KO LUI SECONDARY SCHOOL,高雷中學,KWUN TONG,觀塘區
SECONDARY,中學,AIDED,資助,LAI KING CATHOLIC SECONDARY SCHOOL,荔景天主教中學,KWAI TSING,葵青區
SECONDARY,中學,AIDED,資助,MUNSANG COLLEGE,民生書院,KOWLOON CITY,九龍城區
SECONDARY,中學,AIDED,資助,SHA TIN METHODIST COLLEGE,沙田循道衞理中學,SHA TIN,沙田區
SECONDARY,中學,AIDED,資助,JOCKEY CLUB MAN KWAN EDUYOUNG COLLEGE,賽馬會萬鈞毅智書院,YUEN LONG,元朗區
SECONDARY,中學,AIDED,資助,NOTRE DAME COLLEGE,獻主會聖母院書院,KOWLOON CITY,九龍城區
SECONDARY,中學,AIDED,資助,RHENISH CHURCH PANG HOK-KO MEMORIAL COLLEGE,禮賢會彭學高紀念中學,KOWLOON CITY,九龍城區
SECONDARY,中學,AIDED,資助,THE CHURCH OF CHRIST IN CHINA KEI TO SECONDARY SCHOOL,中華基督教會基道中學,KOWLOON CITY,九龍城區
SECONDARY,中學,AIDED,資助,ST. MARY'S CANOSSIAN COLLEGE,嘉諾撒聖瑪利書院,YAU TSIM MONG,油尖旺區
SECONDARY,中學,AIDED,資助,QUEEN ELIZABETH SCHOOL OLD STUDENTS' ASSOCIATION TONG KWOK WAH SECONDARY SCHOOL,伊利沙伯中學舊生會湯國華中學,YUEN LONG,元朗區
SECONDARY,中學,AIDED,資助,COGNITIO COLLEGE (KOWLOON),文理書院(九龍),KOWLOON CITY,九龍城區
SECONDARY,中學,AIDED,資助,F.D.B.W.A. SZETO HO SECONDARY SCHOOL,五邑司徒浩中學,KWUN TONG,觀塘區
SECONDARY,中學,AIDED,資助,QUEEN ELIZABETH SCHOOL OLD STUDENTS' ASSOCIATION SECONDARY SCHOOL,伊利沙伯中學舊生會中學,YUEN LONG,元朗區
SECONDARY,中學,AIDED,資助,TAK OI SECONDARY SCHOOL,德愛中學,WONG TAI SIN,黃大仙區
SECONDARY,中學,AIDED,資助,CHINESE Y.M.C.A. COLLEGE,青年會書院,SHA TIN,沙田區
SECONDARY,中學,AIDED,資助,CHRISTIAN ALLIANCE COLLEGE,宣道中學,TUEN MUN,屯門區
SECONDARY,中學,AIDED,資助,TUEN MUN CATHOLIC SECONDARY SCHOOL,屯門天主教中學,TUEN MUN,屯門區
SECONDARY,中學,AIDED,資助,SHUN TAK FRATERNAL ASSOCIATION CHENG YU TUNG SECONDARY SCHOOL,順德聯誼總會鄭裕彤中學,SAI KUNG,西貢區
SECONDARY,中學,AIDED,資助,MUNSANG COLLEGE (HONG KONG ISLAND),港島民生書院,EASTERN,東區
SECONDARY,中學,AIDED,資助,HHCKLA BUDDHIST MA KAM CHAN MEMORIAL ENGLISH SECONDARY SCHOOL,香海正覺蓮社佛教馬錦燦紀念英文中學,NORTH,北區
SECONDARY,中學,AIDED,資助,KWOK TAK SENG CATHOLIC SECONDARY SCHOOL,天主教郭得勝中學,SHA TIN,沙田區
SECONDARY,中學,AIDED,資助,MARYMOUNT SECONDARY SCHOOL,瑪利曼中學,WAN CHAI,灣仔區
SECONDARY,中學,AIDED,資助,TSANG PIK SHAN (SUNG LAN) SECONDARY SCHOOL,曾璧山(崇蘭)中學,SHA TIN,沙田區
SECONDARY,中學,AIDED,資助,LAI CHACK MIDDLE SCHOOL,麗澤中學,YAU TSIM MONG,油尖旺區
SECONDARY,中學,ENGLISH SCHOOLS FOUNDATION,英基學校協會,ISLAND SCHOOL,ISLAND SCHOOL,CENTRAL AND WESTERN,中西區
SECONDARY,中學,ENGLISH SCHOOLS FOUNDATION,英基學校協會,SHATIN COLLEGE,SHATIN COLLEGE,SHA TIN,沙田區
SECONDARY,中學,ENGLISH SCHOOLS FOUNDATION,英基學校協會,SHATIN COLLEGE,SHATIN COLLEGE,SHA TIN,沙田區
SECONDARY,中學,ENGLISH SCHOOLS FOUNDATION,英基學校協會,THE SOUTH ISLAND SCHOOL,THE SOUTH ISLAND SCHOOL,SOUTHERN,南區
SECONDARY,中學,ENGLISH SCHOOLS FOUNDATION,英基學校協會,WEST ISLAND SCHOOL,WEST ISLAND SCHOOL,SOUTHERN,南區
SECONDARY,中學,ENGLISH SCHOOLS FOUNDATION,英基學校協會,JOCKEY CLUB SARAH ROE SCHOOL,賽馬會善樂學校,KOWLOON CITY,九龍城區
SECONDARY,中學,ENGLISH SCHOOLS FOUNDATION,英基學校協會,KING GEORGE V SCHOOL,KING GEORGE V SCHOOL,KOWLOON CITY,九龍城區
SECONDARY,中學,DIRECT SUBSIDY SCHEME,直接資助計劃,DELIA MEMORIAL SCHOOL (GLEE PATH),地利亞修女紀念學校(吉利徑),SHAM SHUI PO,深水埗區
SECONDARY,中學,DIRECT SUBSIDY SCHEME,直接資助計劃,HONG KONG BAPTIST UNIVERSITY AFFILIATED SCHOOL WONG KAM FAI SECONDARY AND PRIMARY SCHOOL,香港浸會大學附屬學校王錦輝中小學,SHA TIN,沙田區
SECONDARY,中學,DIRECT SUBSIDY SCHEME,直接資助計劃,ACADEMY OF INNOVATION (CONFUCIUS HALL),孔聖堂禮仁書院,WAN CHAI,灣仔區
SECONDARY,中學,DIRECT SUBSIDY SCHEME,直接資助計劃,LI PO CHUN UNITED WORLD COLLEGE OF HONG KONG,李寶椿聯合世界書院,SHA TIN,沙田區
SECONDARY,中學,DIRECT SUBSIDY SCHEME,直接資助計劃,FANLING LUTHERAN SECONDARY SCHOOL,基督教香港信義會心誠中學,NORTH,北區
SECONDARY,中學,DIRECT SUBSIDY SCHEME,直接資助計劃,KIANGSU-CHEKIANG COLLEGE,蘇浙公學,EASTERN,東區
SECONDARY,中學,DIRECT SUBSIDY SCHEME,直接資助計劃,CREATIVE SECONDARY SCHOOL,啓思中學,SAI KUNG,西貢區
SECONDARY,中學,DIRECT SUBSIDY SCHEME,直接資助計劃,PUI KIU MIDDLE SCHOOL,培僑中學,EASTERN,東區
SECONDARY,中學,DIRECT SUBSIDY SCHEME,直接資助計劃,PUI KIU COLLEGE,培僑書院,SHA TIN,沙田區
SECONDARY,中學,DIRECT SUBSIDY SCHEME,直接資助計劃,HKUGA COLLEGE,港大同學會書院,SOUTHERN,南區
SECONDARY,中學,DIRECT SUBSIDY SCHEME,直接資助計劃,HKFYG LEE SHAU KEE COLLEGE,香港青年協會李兆基書院,YUEN LONG,元朗區
SECONDARY,中學,DIRECT SUBSIDY SCHEME,直接資助計劃,PO LEUNG KUK LAWS FOUNDATION COLLEGE,保良局羅氏基金中學,SAI KUNG,西貢區
SECONDARY,中學,DIRECT SUBSIDY SCHEME,直接資助計劃,THE CHINESE FOUNDATION SECONDARY SCHOOL,中華基金中學,EASTERN,東區
SECONDARY,中學,DIRECT SUBSIDY SCHEME,直接資助計劃,STEWARDS POOI KEI COLLEGE,香港神託會培基書院,SHA TIN,沙田區
SECONDARY,中學,DIRECT SUBSIDY SCHEME,直接資助計劃,THE HONG KONG CHINESE CHRISTIAN CHURCHES UNION LOGOS ACADEMY,香港華人基督教聯會真道書院,SAI KUNG,西貢區
SECONDARY,中學,DIRECT SUBSIDY SCHEME,直接資助計劃,ST. MARGARET'S CO-EDUCATIONAL ENGLISH SECONDARY AND PRIMARY SCHOOL,聖瑪加利男女英文中小學,SHAM SHUI PO,深水埗區
SECONDARY,中學,DIRECT SUBSIDY SCHEME,直接資助計劃,ST. PAUL'S COLLEGE,聖保羅書院,CENTRAL AND WESTERN,中西區
SECONDARY,中學,DIRECT SUBSIDY SCHEME,直接資助計劃,PO LEUNG KUK NGAN PO LING COLLEGE,保良局顏寶鈴書院,KOWLOON CITY,九龍城區
SECONDARY,中學,DIRECT SUBSIDY SCHEME,直接資助計劃,DELIA MEMORIAL SCHOOL (HIP WO),地利亞修女紀念學校(協和),KWUN TONG,觀塘區
SECONDARY,中學,DIRECT SUBSIDY SCHEME,直接資助計劃,LAM TAI FAI COLLEGE,林大輝中學,SHA TIN,沙田區
SECONDARY,中學,DIRECT SUBSIDY SCHEME,直接資助計劃,LAW TING PONG SECONDARY SCHOOL,羅定邦中學,TAI PO,大埔區
SECONDARY,中學,DIRECT SUBSIDY SCHEME,直接資助計劃,EVANGELIZE CHINA FELLOWSHIP SAINT TOO CANAAN COLLEGE,基督教中國佈道會聖道迦南書院,KWUN TONG,觀塘區
SECONDARY,中學,DIRECT SUBSIDY SCHEME,直接資助計劃,MU KUANG ENGLISH SCHOOL,慕光英文書院,KWUN TONG,觀塘區
SECONDARY,中學,DIRECT SUBSIDY SCHEME,直接資助計劃,TSUNG TSIN CHRISTIAN ACADEMY,基督教崇真中學,SHAM SHUI PO,深水埗區
SECONDARY,中學,DIRECT SUBSIDY SCHEME,直接資助計劃,EVANGEL COLLEGE,播道書院,SAI KUNG,西貢區
SECONDARY,中學,DIRECT SUBSIDY SCHEME,直接資助計劃,DIOCESAN BOYS' SCHOOL,拔萃男書院,KOWLOON CITY,九龍城區
SECONDARY,中學,DIRECT SUBSIDY SCHEME,直接資助計劃,ELCHK LUTHERAN ACADEMY,基督教香港信義會宏信書院,YUEN LONG,元朗區
SECONDARY,中學,DIRECT SUBSIDY SCHEME,直接資助計劃,HEUNG TO SECONDARY SCHOOL (TSEUNG KWAN O),將軍澳香島中學,SAI KUNG,西貢區
SECONDARY,中學,DIRECT SUBSIDY SCHEME,直接資助計劃,THE CHURCH OF CHRIST IN CHINA KUNG LEE COLLEGE,中華基督教會公理書院,WAN CHAI,灣仔區
SECONDARY,中學,DIRECT SUBSIDY SCHEME,直接資助計劃,DELIA MEMORIAL SCHOOL (HIP WO NO.2 COLLEGE),地利亞修女紀念學校(協和二中),KWUN TONG,觀塘區
SECONDARY,中學,DIRECT SUBSIDY SCHEME,直接資助計劃,MAN KWAN PAK KAU COLLEGE,萬鈞伯裘書院,YUEN LONG,元朗區
SECONDARY,中學,DIRECT SUBSIDY SCHEME,直接資助計劃,MAN KWAN QUALIED COLLEGE,萬鈞匯知中學,SAI KUNG,西貢區
SECONDARY,中學,DIRECT SUBSIDY SCHEME,直接資助計劃,DELIA MEMORIAL SCHOOL (BROADWAY ),地利亞修女紀念學校﹝百老匯﹞,SHAM SHUI PO,深水埗區
SECONDARY,中學,DIRECT SUBSIDY SCHEME,直接資助計劃,WAI KIU COLLEGE,惠僑英文中學,SHAM SHUI PO,深水埗區
SECONDARY,中學,DIRECT SUBSIDY SCHEME,直接資助計劃,TAK SUN SECONDARY SCHOOL,德信中學,SHA TIN,沙田區
SECONDARY,中學,DIRECT SUBSIDY SCHEME,直接資助計劃,CHINA HOLINESS COLLEGE,中聖書院,SHAM SHUI PO,深水埗區
SECONDARY,中學,DIRECT SUBSIDY SCHEME,直接資助計劃,CHINESE Y.M.C.A. SECONDARY SCHOOL,中華基督教青年會中學,YUEN LONG,元朗區
SECONDARY,中學,DIRECT SUBSIDY SCHEME,直接資助計劃,HONG KONG INSTITUTE OF CONTEMPORARY CULTURE LEE SHAU KEE SCHOOL OF CREATIVITY,香港兆基創意書院(李兆基基金會贊助、香港當代文化中心主辦),KOWLOON CITY,九龍城區
SECONDARY,中學,DIRECT SUBSIDY SCHEME,直接資助計劃,YING WA COLLEGE,英華書院,SHAM SHUI PO,深水埗區
SECONDARY,中學,DIRECT SUBSIDY SCHEME,直接資助計劃,HEUNG TO MIDDLE SCHOOL,香島中學,SHAM SHUI PO,深水埗區
SECONDARY,中學,DIRECT SUBSIDY SCHEME,直接資助計劃,KOWLOON SAM YUK SECONDARY SCHOOL,九龍三育中學,YAU TSIM MONG,油尖旺區
SECONDARY,中學,DIRECT SUBSIDY SCHEME,直接資助計劃,HEEP YUNN SCHOOL,協恩中學,KOWLOON CITY,九龍城區
SECONDARY,中學,DIRECT SUBSIDY SCHEME,直接資助計劃,HKMA DAVID LI KWOK PO COLLEGE,香港管理專業協會李國寶中學,YAU TSIM MONG,油尖旺區
SECONDARY,中學,DIRECT SUBSIDY SCHEME,直接資助計劃,UNITED CHRISTIAN COLLEGE (KOWLOON EAST),滙基書院(東九龍),KWUN TONG,觀塘區
SECONDARY,中學,DIRECT SUBSIDY SCHEME,直接資助計劃,HON WAH COLLEGE,漢華中學,EASTERN,東區
SECONDARY,中學,DIRECT SUBSIDY SCHEME,直接資助計劃,DIOCESAN GIRLS' SCHOOL,拔萃女書院,YAU TSIM MONG,油尖旺區
SECONDARY,中學,DIRECT SUBSIDY SCHEME,直接資助計劃,BUDDHIST FAT HO MEMORIAL COLLEGE,佛教筏可紀念中學,ISLANDS,離島區
SECONDARY,中學,DIRECT SUBSIDY SCHEME,直接資助計劃,ST. PAUL'S CO-EDUCATIONAL COLLEGE,聖保羅男女中學,CENTRAL AND WESTERN,中西區
SECONDARY,中學,DIRECT SUBSIDY SCHEME,直接資助計劃,ST. PAUL'S CONVENT SCHOOL,聖保祿學校,WAN CHAI,灣仔區
SECONDARY,中學,DIRECT SUBSIDY SCHEME,直接資助計劃,GOOD HOPE SCHOOL,德望學校,WONG TAI SIN,黃大仙區
SECONDARY,中學,DIRECT SUBSIDY SCHEME,直接資助計劃,ST. STEPHEN'S COLLEGE,聖士提反書院,SOUTHERN,南區
SECONDARY,中學,DIRECT SUBSIDY SCHEME,直接資助計劃,FUKIEN SECONDARY SCHOOL,福建中學,KWUN TONG,觀塘區
SECONDARY,中學,DIRECT SUBSIDY SCHEME,直接資助計劃,TAI PO SAM YUK SECONDARY SCHOOL,大埔三育中學,TAI PO,大埔區
SECONDARY,中學,DIRECT SUBSIDY SCHEME,直接資助計劃,G.T. (ELLEN YEUNG) COLLEGE,優才(楊殷有娣)書院,SAI KUNG,西貢區
SECONDARY,中學,DIRECT SUBSIDY SCHEME,直接資助計劃,HEUNG TO MIDDLE SCHOOL (TIN SHUI WAI),天水圍香島中學,YUEN LONG,元朗區
SECONDARY,中學,DIRECT SUBSIDY SCHEME,直接資助計劃,SCIENTIA SECONDARY SCHOOL,創知中學,KOWLOON CITY,九龍城區
SECONDARY,中學,DIRECT SUBSIDY SCHEME,直接資助計劃,YMCA OF HONG KONG CHRISTIAN COLLEGE,港青基信書院,ISLANDS,離島區
SECONDARY,中學,DIRECT SUBSIDY SCHEME,直接資助計劃,KOWLOON SAM YUK SECONDARY SCHOOL,九龍三育中學,YAU TSIM MONG,油尖旺區